	Kingdom	Phyla	Class	Order	Family	Genus	Species	Kingdom_Eukaryome	Phylum_Eukaryome	Class_Eukaryome	Order_Eukaryome	Family_Eukaryome	Genus_Eukaryome	Species_Eukaryome
Taxa_1	Fungi	Ascomycota	Sordariomycetes	Sordariales	Chaetomiaceae	NA	NA	Fungi	Ascomycota	Sordariomycetes	Sordariales	Chaetomiaceae	Chaetomium	NA
Taxa_2	Fungi	Ascomycota	Sordariomycetes	Microascales	Microascaceae	Kernia	columnaris	Fungi	Ascomycota	Sordariomycetes	Microascales	Microascaceae	Scedosporium	NA
Taxa_3	Fungi	Basidiomycota	Agaricomycetes	Agaricales	Psathyrellaceae	Coprinellus	alkalinus	Fungi	Basidiomycota	Agaricomycetes	Agaricales	Psathyrellaceae	Tulosesus	NA
Taxa_6	Fungi	Ascomycota	Eurotiomycetes	Eurotiales	Aspergillaceae	Aspergillus	ruber	Fungi	Ascomycota	Eurotiomycetes	Eurotiales	Aspergillaceae	Aspergillus	umbrosus
Taxa_7	Fungi	Ascomycota	Dothideomycetes	Cladosporiales	Cladosporiaceae	Cladosporium	herbarum	Fungi	Ascomycota	Dothideomycetes	Dothideales	Cladosporiaceae	Cladosporium	NA
Taxa_8	Fungi	Ascomycota	Eurotiomycetes	Eurotiales	Aspergillaceae	Penicillium	NA	Fungi	Ascomycota	Eurotiomycetes	Eurotiales	Aspergillaceae	Penicillium	radiatolobatum
Taxa_11	Fungi	Ascomycota	Pezizomycetes	Pezizales	Ascobolaceae	Ascobolus	furfuraceus	Fungi	Ascomycota	Pezizomycetes	Pezizales	Ascobolaceae	Ascobolus	NA
Taxa_12	Fungi	Basidiomycota	Tremellomycetes	Trichosporonales	Trichosporonaceae	Cutaneotrichosporon	jirovecii	Fungi	Basidiomycota	Tremellomycetes	Trichosporonales	Trichosporonaceae	Cutaneotrichosporon	oleaginosum
Taxa_22	Fungi	Basidiomycota	Agaricomycetes	Agaricales	Psathyrellaceae	Coprinopsis	radiata	Fungi	Basidiomycota	Agaricomycetes	Agaricales	Psathyrellaceae	Coprinopsis	NA
Taxa_27	Fungi	Ascomycota	Sordariomycetes	Microascales	Microascaceae	Kernia	geniculotricha	Fungi	Ascomycota	Sordariomycetes	Microascales	Microascaceae	Scedosporium	NA
Taxa_35	Fungi	Ascomycota	Sordariomycetes	Ophiostomatales	Ophiostomataceae	Subbaromyces	splendens	Fungi	Basidiomycota	Tremellomycetes	Trichosporonales	Trichosporonaceae	Apiotrichum	akiyoshidainum
Taxa_36	Fungi	Ascomycota	Eurotiomycetes	Eurotiales	Aspergillaceae	Penicillium	NA	Fungi	Ascomycota	Eurotiomycetes	Eurotiales	Aspergillaceae	Penicillium	thomii
Taxa_41	Fungi	Ascomycota	Sordariomycetes	Hypocreales	Nectriaceae	Fusarium	variasi	Fungi	Ascomycota	Sordariomycetes	Hypocreales	Nectriaceae	Neocosmospora	NA
Taxa_46	Fungi	Ascomycota	Leotiomycetes	Helotiales	Sclerotiniaceae	Botrytis	caroliniana	Fungi	Ascomycota	Leotiomycetes	Helotiales	Sclerotiniaceae	Botrytis	NA
Taxa_50	Fungi	Basidiomycota	Malasseziomycetes	Malasseziales	Malasseziaceae	Malassezia	restricta	Fungi	Basidiomycota	Malasseziomycetes	Malasseziales	Malasseziaceae	Malassezia	restricta
Taxa_53	Fungi	Basidiomycota	Agaricomycetes	Agaricales	Psathyrellaceae	Coprinopsis	cinerea	Fungi	Basidiomycota	Agaricomycetes	Agaricales	Psathyrellaceae	Coprinopsis	NA
Taxa_54	Fungi	Ascomycota	Sordariomycetes	Hypocreales	Nectriaceae	Fusarium	oxysporum	Fungi	Ascomycota	Sordariomycetes	Hypocreales	Nectriaceae	Gibberella	zeae
Taxa_61	Fungi	Ascomycota	Dothideomycetes	Pleosporales	Pleosporaceae	Alternaria	solani	Fungi	Ascomycota	Dothideomycetes	Pleosporales	Pleosporaceae	Alternaria	yali.inficiens
Taxa_62	Fungi	Ascomycota	Pezizomycetes	Pezizales	Pyronemataceae	Scutellinia	NA	Fungi	Ascomycota	Pezizomycetes	Pezizales	Pyronemataceae	Scutellinia	vitreola
Taxa_67	Fungi	Ascomycota	Sordariomycetes	Hypocreales	Nectriaceae	Fusarium	equiseti	Fungi	Ascomycota	Sordariomycetes	Hypocreales	Nectriaceae	Gibberella	intricans
Taxa_68	Fungi	Ascomycota	Pezizomycetes	Pezizales	Pezizaceae	Iodophanus	testaceus	Fungi	Ascomycota	Pezizomycetes	Pezizales	Pezizaceae	Iodophanus	testaceus
Taxa_80	Fungi	Ascomycota	Sordariomycetes	Microascales	Microascaceae	Enterocarpus	grenotii	Fungi	Ascomycota	Sordariomycetes	Microascales	Microascaceae	Lophotrichus	NA
Taxa_82	Fungi	NA	NA	NA	NA	NA	NA	Fungi	Ascomycota	Lecanoromycetes	Peltigerales	Pannariaceae	Pectenia	NA
Taxa_85	Fungi	Ascomycota	Sordariomycetes	Sordariales	NA	NA	NA	Fungi	NA	NA	NA	NA	NA	NA
Taxa_95	Fungi	Basidiomycota	Agaricomycetes	Agaricales	Psathyrellaceae	Coprinopsis	semitalis	Fungi	Basidiomycota	Agaricomycetes	Agaricales	Psathyrellaceae	Coprinopsis	cf.narcotica
Taxa_128	Fungi	Ascomycota	Dothideomycetes	Dothideales	Saccotheciaceae	Aureobasidium	pullulans	Fungi	Ascomycota	Dothideomycetes	Dothideales	Saccotheciaceae	Aureobasidium	NA
Taxa_129	Fungi	Ascomycota	Pezizomycetes	Pezizales	Pyronemataceae	Scutellinia	macrospora	Fungi	Ascomycota	Pezizomycetes	Pezizales	Pyronemataceae	Scutellinia	vitreola
Taxa_136	Fungi	Ascomycota	Pezizomycetes	Pezizales	Pezizaceae	Peziza	vesiculosa	Fungi	Ascomycota	Pezizomycetes	Pezizales	Pezizaceae	NA	NA
Taxa_144	Fungi	Ascomycota	Dothideomycetes	Dothideomycetes_ord_Incertae_sedis	Dothideomycetes_fam_Incertae_sedis	Monodictys	castaneae	Fungi	Ascomycota	Dothideomycetes	Pleosporales	Sporormiaceae	Sporormiella	NA
Taxa_149	Fungi	Ascomycota	Eurotiomycetes	Eurotiales	Aspergillaceae	Penicillium	NA	Fungi	Ascomycota	Eurotiomycetes	Eurotiales	Aspergillaceae	Penicillium	thomii
Taxa_158	Fungi	Ascomycota	Eurotiomycetes	Chaetothyriales	Herpotrichiellaceae	Exophiala	NA	Fungi	Ascomycota	Eurotiomycetes	Chaetothyriales	Herpotrichiellaceae	Exophiala	radicis
Taxa_173	Fungi	NA	NA	NA	NA	NA	NA	Fungi	Basidiomycota	Tremellomycetes	Trichosporonales	Trichosporonaceae	Apiotrichum	akiyoshidainum
Taxa_175	Fungi	Ascomycota	Sordariomycetes	Sordariales	Chaetomiaceae	Humicola	ampulliella	Fungi	Ascomycota	Sordariomycetes	Sordariales	Chaetomiaceae	Humicola	cuyabenoensis
Taxa_186	Fungi	Ascomycota	Sordariomycetes	Sordariales	NA	NA	NA	Fungi	NA	NA	NA	NA	NA	NA
Taxa_190	Fungi	Ascomycota	Sordariomycetes	Sordariales	NA	NA	NA	Fungi	Ascomycota	Sordariomycetes	Sordariales	Bombardiaceae	Ramophialophora	NA
Taxa_205	Fungi	Ascomycota	Sordariomycetes	Sordariales	Podosporaceae	Podospora	NA	Fungi	Ascomycota	Sordariomycetes	Sordariales	Neoschizotheciaceae	NA	NA
Taxa_207	Fungi	Ascomycota	Dothideomycetes	Cladosporiales	Cladosporiaceae	Cladosporium	halotolerans	Fungi	Ascomycota	Dothideomycetes	Dothideales	Cladosporiaceae	Cladosporium	NA
Taxa_212	Fungi	Ascomycota	Sordariomycetes	Glomerellales	Plectosphaerellaceae	Sodiomyces	NA	Fungi	Ascomycota	Sordariomycetes	Glomerellales	Plectosphaerellaceae	NA	NA
Taxa_240	Fungi	Ascomycota	Dothideomycetes	Pleosporales	Dictyosporiaceae	Pseudocoleophoma	NA	Fungi	Ascomycota	Dothideomycetes	Pleosporales	Dictyosporiaceae	NA	NA
Taxa_252	Fungi	Mucoromycota	Mucoromycetes	Mucorales	Pilobolaceae	Pilobolus	kleinii	Fungi	Basidiomycota	NA	NA	NA	NA	NA
Taxa_254	Fungi	Basidiomycota	Malasseziomycetes	Malasseziales	Malasseziaceae	Malassezia	NA	Fungi	Basidiomycota	Malasseziomycetes	Malasseziales	Malasseziaceae	Malassezia	globosa
Taxa_259	Fungi	Ascomycota	Dothideomycetes	Pleosporales	Didymellaceae	NA	NA	Fungi	Ascomycota	Dothideomycetes	Pleosporales	Didymellaceae	Phoma	NA
Taxa_273	Fungi	Ascomycota	Eurotiomycetes	Eurotiales	Aspergillaceae	Penicillium	paneum	Fungi	Ascomycota	Eurotiomycetes	Eurotiales	Aspergillaceae	Penicillium	allii
Taxa_308	Fungi	Basidiomycota	Agaricomycetes	Agaricales	Psathyrellaceae	Coprinellus	xanthothrix	Fungi	Basidiomycota	Agaricomycetes	Agaricales	Psathyrellaceae	Coprinellus	flocculosus
Taxa_315	Fungi	Ascomycota	Sordariomycetes	Sordariales	NA	NA	NA	Fungi	Ascomycota	Sordariomycetes	Sordariales	Bombardiaceae	Ramophialophora	NA
Taxa_319	Fungi	Ascomycota	Sordariomycetes	Hypocreales	Hypocreaceae	Trichoderma	NA	Fungi	Ascomycota	Sordariomycetes	Hypocreales	Hypocreaceae	Trichoderma	koningii
Taxa_321	Fungi	Ascomycota	Sordariomycetes	Sordariales	NA	NA	NA	Fungi	Ascomycota	Sordariomycetes	Sordariales	Bombardiaceae	Ramophialophora	NA
Taxa_323	Fungi	Ascomycota	Sordariomycetes	Hypocreales	Cordycipitaceae	Beauveria	loeiensis	Fungi	Ascomycota	Sordariomycetes	Hypocreales	Cordycipitaceae	Beauveria	NA
Taxa_328	Fungi	Ascomycota	Sordariomycetes	Microascales	Microascales_fam_Incertae_sedis	Microascales_gen_Incertae_sedis	NA	Fungi	NA	NA	NA	NA	NA	NA
Taxa_336	Fungi	Basidiomycota	Agaricomycetes	Agaricales	Psathyrellaceae	Coprinopsis	pseudonivea	Fungi	Basidiomycota	Agaricomycetes	Agaricales	Psathyrellaceae	Coprinopsis	nivea
Taxa_343	Fungi	Basidiomycota	Tremellomycetes	Trichosporonales	Trichosporonaceae	Trichosporon	ovoides	Fungi	Basidiomycota	Tremellomycetes	Trichosporonales	Trichosporonaceae	Trichosporon	asahii.var.asahii
Taxa_349	Fungi	Ascomycota	Sordariomycetes	Microascales	Microascaceae	Scopulariopsis	candida	Fungi	Ascomycota	Sordariomycetes	Microascales	Microascaceae	NA	NA
Taxa_350	Fungi	Ascomycota	Sordariomycetes	Hypocreales	Stachybotryaceae	Stachybotrys	chartarum	Fungi	Ascomycota	Sordariomycetes	Hypocreales	Stachybotryaceae	Memnoniella	NA
Taxa_356	Fungi	Neocallimastigomycota	Neocallimastigomycetes	Neocallimastigales	Neocallimastigaceae	NA	NA	Fungi	Neocallimastigomycota	Neocallimastigomycetes	Neocallimastigales	Neocallimastigaceae	Neocallimastix	californiae
Taxa_357	Fungi	Ascomycota	Orbiliomycetes	Orbiliales	Orbiliaceae	Arthrobotrys	flagrans	Fungi	Ascomycota	Orbiliomycetes	Orbiliales	Orbiliaceae	Arthrobotrys	amerosporus
Taxa_369	Fungi	Ascomycota	Sordariomycetes	Microascales	Microascaceae	Microascaceae_gen_Incertae_sedis	NA	Fungi	Ascomycota	Sordariomycetes	Microascales	Microascaceae	Scedosporium	NA
Taxa_398	Fungi	Ascomycota	Sordariomycetes	Sordariales	Chaetomiaceae	Chaetomium	grande	Fungi	Ascomycota	Sordariomycetes	Sordariales	Chaetomiaceae	Chaetomium	NA
Taxa_403	Fungi	Ascomycota	Eurotiomycetes	Chaetothyriales	Herpotrichiellaceae	Phialophora	cyclaminis	Fungi	Ascomycota	Sordariomycetes	Sordariales	Bombardiaceae	Ramophialophora	NA
Taxa_407	Fungi	Basidiomycota	Agaricomycetes	Agaricales	Psathyrellaceae	Coprinellus	brevisetulosus	Fungi	Basidiomycota	Agaricomycetes	Agaricales	Psathyrellaceae	Tulosesus	NA
Taxa_420	Fungi	NA	NA	NA	NA	NA	NA	Fungi	Basidiomycota	Tremellomycetes	Trichosporonales	Trichosporonaceae	Apiotrichum	akiyoshidainum
Taxa_425	Fungi	NA	NA	NA	NA	NA	NA	Fungi	Ascomycota	NA	NA	NA	NA	NA
Taxa_444	Fungi	Ascomycota	Dothideomycetes	Pleosporales	Sporormiaceae	NA	NA	Fungi	Ascomycota	Dothideomycetes	Pleosporales	Sporormiaceae	NA	NA
Taxa_451	Fungi	Ascomycota	Saccharomycetes	Saccharomycetales	Dipodascaceae	Geotrichum	candidum	Fungi	Ascomycota	Dipodascomycetes	Dipodascales	Dipodascaceae	Dipodascus	geotrichum
Taxa_544	Fungi	Ascomycota	Pezizomycetes	Pezizales	Pezizales_fam_Incertae_sedis	Boubovia	NA	Fungi	Ascomycota	Pezizomycetes	Pezizales	Pezizales_fam_incertae_sedis	Boubovia	NA
Taxa_559	Fungi	Ascomycota	Sordariomycetes	Hypocreales	Cordycipitaceae	Beauveria	loeiensis	Fungi	Ascomycota	Sordariomycetes	Hypocreales	Cordycipitaceae	Beauveria	NA
Taxa_563	Fungi	Ascomycota	Sordariomycetes	Sordariales	Podosporaceae	Triangularia	unicaudata	Fungi	Ascomycota	Sordariomycetes	Sordariales	Podosporaceae	Triangularia	verruculosa
Taxa_566	Fungi	Basidiomycota	Agaricomycetes	Agaricales	Psathyrellaceae	Coprinellus	alkalinus	Fungi	Basidiomycota	Agaricomycetes	Agaricales	Psathyrellaceae	Tulosesus	NA
Taxa_570	Fungi	Ascomycota	Sordariomycetes	Microascales	Microascaceae	Kernia	columnaris	Fungi	Ascomycota	Sordariomycetes	Microascales	Microascaceae	Scedosporium	NA
Taxa_573	Fungi	Ascomycota	Sordariomycetes	Sordariales	Podosporaceae	NA	NA	Fungi	Ascomycota	Sordariomycetes	Sordariales	Podosporaceae	Podospora	NA
Taxa_583	Fungi	Ascomycota	Sordariomycetes	Microascales	Microascaceae	Pithoascus	nidicola	Fungi	Ascomycota	Sordariomycetes	Microascales	Microascaceae	NA	NA
Taxa_596	Fungi	Ascomycota	Eurotiomycetes	Eurotiales	Aspergillaceae	Penicillium	NA	Fungi	Ascomycota	Eurotiomycetes	Eurotiales	Aspergillaceae	Penicillium	citreonigrum
Taxa_630	Fungi	Ascomycota	Dothideomycetes	Pleosporales	Pleosporaceae	Alternaria	carotiincultae	Fungi	Ascomycota	Dothideomycetes	Pleosporales	Pleosporaceae	Ulocladium	NA
Taxa_631	Fungi	Ascomycota	Sordariomycetes	Hypocreales	Nectriaceae	Fusarium	variasi	Fungi	Ascomycota	Sordariomycetes	Hypocreales	Nectriaceae	Neocosmospora	NA
Taxa_648	Fungi	Basidiomycota	Tremellomycetes	Tremellales	Bulleribasidiaceae	Vishniacozyma	dimennae	Fungi	Basidiomycota	Tremellomycetes	Tremellales	Bulleribasidiaceae	Vishniacozyma	globispora
Taxa_663	Fungi	Ascomycota	Sordariomycetes	Microascales	Microascaceae	Kernia	geniculotricha	Fungi	Ascomycota	Sordariomycetes	Microascales	Microascaceae	Scedosporium	NA
Taxa_677	Fungi	Ascomycota	Eurotiomycetes	Onygenales	Onygenaceae	Chrysosporium	carmichaelii	Fungi	Ascomycota	Eurotiomycetes	Onygenales	Onygenaceae	Myriodontium	NA
Taxa_679	Fungi	Ascomycota	Sordariomycetes	Sordariales	Chaetomiaceae	Chaetomium	grande	Fungi	Ascomycota	Sordariomycetes	Sordariales	Chaetomiaceae	Chaetomium	NA
Taxa_694	Fungi	Fungi_phy_Incertae_sedis	Fungi_cls_Incertae_sedis	Fungi_ord_Incertae_sedis	Fungi_fam_Incertae_sedis	Fungi_gen_Incertae_sedis	NA	Fungi	Ascomycota	Lecanoromycetes	Peltigerales	Pannariaceae	Pectenia	NA
Taxa_705	Fungi	Ascomycota	Sordariomycetes	Hypocreales	Nectriaceae	Fusarium	buharicum	Fungi	Ascomycota	Sordariomycetes	Hypocreales	Nectriaceae	Fusarium	rhizicola
Taxa_711	Fungi	Ascomycota	Pezizomycetes	Pezizales	Pezizaceae	Iodophanus	NA	Fungi	Ascomycota	Pezizomycetes	Pezizales	Pezizaceae	Iodophanus	NA
Taxa_740	Fungi	Ascomycota	Eurotiomycetes	Eurotiales	Aspergillaceae	Penicillium	NA	Fungi	Ascomycota	Eurotiomycetes	Eurotiales	Aspergillaceae	Penicillium	swiecickii
Taxa_765	Fungi	Basidiomycota	Agaricomycetes	Agaricales	Psathyrellaceae	Coprinellus	NA	Fungi	Basidiomycota	Agaricomycetes	Agaricales	Psathyrellaceae	Tulosesus	NA
Taxa_766	Fungi	Basidiomycota	Tremellomycetes	Filobasidiales	Filobasidiaceae	Filobasidium	floriforme	Fungi	Basidiomycota	Tremellomycetes	Filobasidiales	Filobasidiaceae	Filobasidium	floriforme
Taxa_769	Fungi	Ascomycota	Sordariomycetes	Cephalothecales	Cephalothecaceae	Phialemonium	inflatum	Fungi	Ascomycota	Sordariomycetes	Cephalothecales	Cephalothecaceae	Phialemonium	sulfureum
Taxa_775	Fungi	Basidiomycota	Agaricomycetes	Agaricales	Psathyrellaceae	Coprinopsis	NA	Fungi	Basidiomycota	Agaricomycetes	Agaricales	Psathyrellaceae	Coprinopsis	NA
Taxa_787	Fungi	Ascomycota	Eurotiomycetes	Onygenales	Onygenaceae	Chrysosporium	lobatum	Fungi	Ascomycota	Eurotiomycetes	Onygenales	Onygenaceae	Chrysosporium	lobatum
Taxa_798	Fungi	Neocallimastigomycota	Neocallimastigomycetes	Neocallimastigales	Neocallimastigaceae	NA	NA	Fungi	Neocallimastigomycota	Neocallimastigomycetes	Neocallimastigales	Neocallimastigaceae	Neocallimastix	californiae
Taxa_809	Fungi	NA	NA	NA	NA	NA	NA	Fungi	Basidiomycota	Tremellomycetes	Trichosporonales	Trichosporonaceae	Apiotrichum	akiyoshidainum
Taxa_821	Fungi	Neocallimastigomycota	Neocallimastigomycetes	Neocallimastigales	Neocallimastigaceae	Neocallimastigaceae_gen_Incertae_sedis	NA	Fungi	Neocallimastigomycota	Neocallimastigomycetes	Neocallimastigales	Neocallimastigaceae	Neocallimastix	californiae
Taxa_832	Fungi	Mucoromycota	Mucoromycetes	Mucorales	Pilobolaceae	Pilobolus	kleinii	Fungi	Basidiomycota	NA	NA	NA	NA	NA
Taxa_834	Fungi	Basidiomycota	Agaricomycetes	Agaricales	Psathyrellaceae	Coprinopsis	NA	Fungi	Basidiomycota	Agaricomycetes	Agaricales	Psathyrellaceae	Coprinopsis	NA
Taxa_836	Fungi	Fungi_phy_Incertae_sedis	Fungi_cls_Incertae_sedis	Fungi_ord_Incertae_sedis	Fungi_fam_Incertae_sedis	Fungi_gen_Incertae_sedis	NA	Fungi	Basidiomycota	Tremellomycetes	Trichosporonales	Trichosporonaceae	Apiotrichum	akiyoshidainum
Taxa_856	Fungi	Basidiomycota	Agaricomycetes	Agaricales	Psathyrellaceae	Coprinellus	alkalinus	Fungi	Basidiomycota	Agaricomycetes	Agaricales	Psathyrellaceae	Tulosesus	NA
Taxa_874	Fungi	Chytridiomycota	Chytridiomycota_cls_Incertae_sedis	Chytridiomycota_ord_Incertae_sedis	Chytridiomycota_fam_Incertae_sedis	Chytridiomycota_gen_Incertae_sedis	NA	Fungi	Basidiomycota	Tremellomycetes	Trichosporonales	Trichosporonaceae	Apiotrichum	akiyoshidainum
Taxa_914	Fungi	Ascomycota	Sordariomycetes	Sordariales	NA	NA	NA	Fungi	Ascomycota	Sordariomycetes	Sordariales	Podosporaceae	Podospora	NA
Taxa_959	Fungi	Ascomycota	Eurotiomycetes	Onygenales	Onygenaceae	Chrysosporium	carmichaelii	Fungi	Ascomycota	Eurotiomycetes	Onygenales	Onygenaceae	Myriodontium	NA
Taxa_967	Fungi	Basidiomycota	Tremellomycetes	Tremellales	Bulleribasidiaceae	Vishniacozyma	victoriae	Fungi	Basidiomycota	Tremellomycetes	Tremellales	Bulleribasidiaceae	Vishniacozyma	NA
Taxa_1020	Fungi	Ascomycota	Sordariomycetes	Hypocreales	Nectriaceae	Fusarium	tricinctum	Fungi	Ascomycota	Sordariomycetes	Hypocreales	Nectriaceae	Fusarium	tricinctum
Taxa_1097	Fungi	Basidiomycota	Cystobasidiomycetes	Cystobasidiomycetes_ord_Incertae_sedis	Symmetrosporaceae	Symmetrospora	coprosmae	Fungi	Basidiomycota	Cystobasidiomycetes	Cystobasidiomycetes_ord_incertae_sedis	Symmetrosporaceae	Symmetrospora	coprosmae
Taxa_1130	Fungi	Neocallimastigomycota	Neocallimastigomycetes	Neocallimastigales	Neocallimastigaceae	Neocallimastix	frontalis	Fungi	Neocallimastigomycota	Neocallimastigomycetes	Neocallimastigales	Neocallimastigaceae	Neocallimastix	californiae
Taxa_1140	Fungi	Ascomycota	Sordariomycetes	Sordariales	Lasiosphaeriaceae	Zopfiella	NA	Fungi	Ascomycota	Sordariomycetes	Sordariales	Bombardiaceae	Ramophialophora	NA
Taxa_1146	Fungi	Ascomycota	Dothideomycetes	Pleosporales	Pleosporaceae	Alternaria	oregonensis	Fungi	Ascomycota	Dothideomycetes	Pleosporales	Pleosporaceae	Alternaria	NA
Taxa_1247	Fungi	Ascomycota	Sordariomycetes	Sordariales	Sordariaceae	NA	NA	Fungi	Ascomycota	Sordariomycetes	Sordariales	Sordariaceae	Gelasinospora	NA
Taxa_1260	Fungi	Chytridiomycota	Chytridiomycota_cls_Incertae_sedis	Chytridiomycota_ord_Incertae_sedis	Chytridiomycota_fam_Incertae_sedis	Chytridiomycota_gen_Incertae_sedis	NA	Fungi	Basidiomycota	Tremellomycetes	Trichosporonales	Trichosporonaceae	Apiotrichum	akiyoshidainum
Taxa_1264	Fungi	Ascomycota	Saccharomycetes	Saccharomycetales	Debaryomycetaceae	Debaryomyces	prosopidis	Fungi	Ascomycota	Pichiomycetes	Serinales	Debaryomycetaceae	Debaryomyces	psychrophila
Taxa_1300	Fungi	Ascomycota	Dothideomycetes	Pleosporales	Phaeosphaeriaceae	Chaetosphaeronema	achilleae	Fungi	Ascomycota	Dothideomycetes	Pleosporales	Phaeosphaeriaceae	Ophiobolus	cirsii
Taxa_1347	Fungi	Ascomycota	Eurotiomycetes	Onygenales	NA	NA	NA	Fungi	Ascomycota	Eurotiomycetes	Onygenales	NA	NA	NA
Taxa_1400	Fungi	Neocallimastigomycota	Neocallimastigomycetes	Neocallimastigales	Neocallimastigaceae	Caecomyces	NA	Fungi	Neocallimastigomycota	Neocallimastigomycetes	Neocallimastigales	Neocallimastigaceae	Neocallimastix	californiae
Taxa_1405	Fungi	Ascomycota	Sordariomycetes	Hypocreales	Stachybotryaceae	Alfaria	putrefolia	Fungi	Ascomycota	Sordariomycetes	Hypocreales	Stachybotryaceae	Xepicula	leucotricha
Taxa_1429	Fungi	Ascomycota	Dothideomycetes	Pleosporales	Sporormiaceae	Sporormiella	intermedia	Fungi	Ascomycota	Dothideomycetes	Pleosporales	Sporormiaceae	Sporormiella	intermedia
Taxa_1430	Fungi	Mucoromycota	Mucoromycetes	Mucorales	Rhizopodaceae	Rhizopus	arrhizus	Fungi	Mucoromycota	Mucoromycetes	Mucorales	Mucoraceae	Amylomyces	NA
Taxa_1456	Fungi	Basidiomycota	Tremellomycetes	Filobasidiales	Filobasidiaceae	Filobasidium	oeirense	Fungi	Basidiomycota	Tremellomycetes	Filobasidiales	Filobasidiaceae	Filobasidium	oeirense
Taxa_1485	Fungi	Fungi_phy_Incertae_sedis	Fungi_cls_Incertae_sedis	Fungi_ord_Incertae_sedis	Fungi_fam_Incertae_sedis	Fungi_gen_Incertae_sedis	NA	Fungi	Ascomycota	Lecanoromycetes	Peltigerales	Pannariaceae	Pectenia	NA
Taxa_1503	Fungi	Ascomycota	Eurotiomycetes	Eurotiales	Aspergillaceae	Aspergillus	penicillioides	Fungi	Ascomycota	Eurotiomycetes	Eurotiales	Aspergillaceae	Penicillium	NA
Taxa_1518	Fungi	Ascomycota	Sordariomycetes	Sordariales	Schizotheciaceae	Morinagamyces	vermicularis	Fungi	Ascomycota	Sordariomycetes	Sordariales	Bombardiaceae	Ramophialophora	NA
Taxa_1522	Fungi	Ascomycota	Sordariomycetes	Microascales	Microascaceae	Kernia	columnaris	Fungi	Ascomycota	Sordariomycetes	Microascales	Microascaceae	Scedosporium	NA
Taxa_1543	Fungi	Ascomycota	Eurotiomycetes	Eurotiales	Aspergillaceae	Aspergillus	tardicrescens	Fungi	Ascomycota	Eurotiomycetes	Eurotiales	Aspergillaceae	Penicillium	NA
Taxa_1544	Fungi	NA	NA	NA	NA	NA	NA	Fungi	Basidiomycota	Tremellomycetes	Trichosporonales	Trichosporonaceae	Apiotrichum	akiyoshidainum
Taxa_1553	Fungi	Ascomycota	Sordariomycetes	Sordariales	Lasiosphaeriaceae	Arnium	arizonense	Fungi	Ascomycota	Sordariomycetes	Sordariales	Podosporaceae	Triangularia	verruculosa
Taxa_1558	Fungi	Ascomycota	Sordariomycetes	Sordariales	Chaetomiaceae	NA	NA	Fungi	Ascomycota	Sordariomycetes	Sordariales	Chaetomiaceae	Chaetomium	NA
Taxa_1581	Fungi	Ascomycota	Eurotiomycetes	Eurotiales	Aspergillaceae	Aspergillus	NA	Fungi	Ascomycota	Eurotiomycetes	Eurotiales	Aspergillaceae	Penicillium	NA
Taxa_1592	Fungi	Ascomycota	Eurotiomycetes	Eurotiales	Aspergillaceae	Aspergillus	NA	Fungi	Ascomycota	Eurotiomycetes	Eurotiales	Aspergillaceae	Aspergillus	NA
Taxa_1664	Fungi	Ascomycota	Pezizomycetes	Pezizales	Ascobolaceae	Ascobolus	furfuraceus	Fungi	Ascomycota	Pezizomycetes	Pezizales	Ascobolaceae	Ascobolus	NA
Taxa_1728	Fungi	Mortierellomycota	Mortierellomycetes	Mortierellales	Mortierellaceae	Mortierella	oligospora	Fungi	Mortierellomycota	Mortierellomycetes	Mortierellales	Mortierellaceae	Mortierella.s.str	polygonia
Taxa_1745	Fungi	Ascomycota	Sordariomycetes	Microascales	Microascaceae	Microascaceae_gen_Incertae_sedis	NA	Fungi	Ascomycota	Sordariomycetes	Microascales	Microascaceae	NA	NA
Taxa_1768	Fungi	Ascomycota	Sordariomycetes	Hypocreales	Nectriaceae	Fusarium	brachygibbosum	Fungi	Ascomycota	Sordariomycetes	Hypocreales	Nectriaceae	Fusarium	brachygibbosum
Taxa_1815	Fungi	Neocallimastigomycota	Neocallimastigomycetes	Neocallimastigales	Neocallimastigaceae	Neocallimastix	frontalis	Fungi	Neocallimastigomycota	Neocallimastigomycetes	Neocallimastigales	Neocallimastigaceae	Neocallimastix	californiae
Taxa_1829	Fungi	Ascomycota	Eurotiomycetes	Eurotiales	Aspergillaceae	Aspergillus	NA	Fungi	Ascomycota	Eurotiomycetes	Eurotiales	Aspergillaceae	Aspergillus	sclerotiorum
Taxa_1876	Fungi	Fungi_phy_Incertae_sedis	Fungi_cls_Incertae_sedis	Fungi_ord_Incertae_sedis	Fungi_fam_Incertae_sedis	Fungi_gen_Incertae_sedis	NA	Fungi	Basidiomycota	Tremellomycetes	Trichosporonales	Trichosporonaceae	Apiotrichum	akiyoshidainum
Taxa_1917	Fungi	Ascomycota	Sordariomycetes	Sordariales	Chaetomiaceae	Chaetomium	globosum	Fungi	Ascomycota	Sordariomycetes	Sordariales	Chaetomiaceae	Chaetomium	NA
Taxa_1958	Fungi	Chytridiomycota	Chytridiomycota_cls_Incertae_sedis	Chytridiomycota_ord_Incertae_sedis	Chytridiomycota_fam_Incertae_sedis	Chytridiomycota_gen_Incertae_sedis	NA	Fungi	Basidiomycota	Tremellomycetes	Trichosporonales	Trichosporonaceae	Apiotrichum	akiyoshidainum
Taxa_1995	Fungi	Basidiomycota	Wallemiomycetes	Wallemiales	Wallemiaceae	Wallemia	muriae	Fungi	Basidiomycota	Wallemiomycetes	Wallemiales	Wallemiaceae	Wallemia	mellicola
Taxa_2034	Fungi	Ascomycota	Sordariomycetes	Ophiostomatales	Ophiostomataceae	Subbaromyces	splendens	Fungi	Basidiomycota	Tremellomycetes	Trichosporonales	Trichosporonaceae	Apiotrichum	akiyoshidainum
Taxa_2076	Fungi	Basidiomycota	Agaricomycetes	Agaricales	Psathyrellaceae	Coprinellus	NA	Fungi	Basidiomycota	Agaricomycetes	Agaricales	Psathyrellaceae	Tulosesus	NA
Taxa_2140	Fungi	Ascomycota	Dothideomycetes	Pleosporales	Phaeosphaeriaceae	NA	NA	Fungi	Ascomycota	Dothideomycetes	Pleosporales	Phaeosphaeriaceae	Amarenomyces	NA
Taxa_2180	Fungi	Ascomycota	Eurotiomycetes	Onygenales	Gymnoascaceae	Arachniotus	hebridensis	Fungi	Ascomycota	Leotiomycetes	Thelebolales	Pseudeurotiaceae	Pseudogymnoascus	NA
Taxa_2183	Fungi	Basidiomycota	Agaricomycetes	Agaricales	Psathyrellaceae	Coprinopsis	cinerea	Fungi	Basidiomycota	Agaricomycetes	Agaricales	Psathyrellaceae	Coprinopsis	NA
Taxa_2203	Fungi	Ascomycota	Sordariomycetes	Hypocreales	Bionectriaceae	Acremonium	chrysogenum	Fungi	Basidiomycota	Tremellomycetes	Trichosporonales	Trichosporonaceae	Apiotrichum	akiyoshidainum
Taxa_2251	Fungi	Ascomycota	Eurotiomycetes	Onygenales	Onygenaceae	Chrysosporium	lobatum	Fungi	Ascomycota	Eurotiomycetes	Onygenales	Onygenaceae	Chrysosporium	lobatum
Taxa_2265	Fungi	Ascomycota	Sordariomycetes	Sordariales	NA	NA	NA	Fungi	Ascomycota	Sordariomycetes	Sordariales	Chaetomiaceae	NA	NA
Taxa_2267	Fungi	Basidiomycota	Cystobasidiomycetes	Cystobasidiales	Cystobasidiaceae	Cystobasidium	lysinophilum	Fungi	Basidiomycota	Cystobasidiomycetes	Cystobasidiales	Cystobasidiaceae	Cystobasidium	NA
Taxa_2287	Fungi	Ascomycota	NA	NA	NA	NA	NA	Fungi	Basidiomycota	NA	NA	NA	NA	NA
Taxa_2306	Fungi	Basidiomycota	Tremellomycetes	Filobasidiales	Filobasidiaceae	Naganishia	albida	Fungi	Basidiomycota	Tremellomycetes	Filobasidiales	Filobasidiaceae	Naganishia	adeliensis
Taxa_2313	Fungi	Ascomycota	Eurotiomycetes	Onygenales	Onygenales_fam_Incertae_sedis	Diploospora	NA	Fungi	Basidiomycota	Tremellomycetes	Trichosporonales	Trichosporonaceae	Apiotrichum	akiyoshidainum
Taxa_2326	Fungi	NA	NA	NA	NA	NA	NA	Fungi	Basidiomycota	Tremellomycetes	Trichosporonales	Trichosporonaceae	Apiotrichum	akiyoshidainum
Taxa_2339	Fungi	Basidiomycota	Wallemiomycetes	Wallemiales	Wallemiaceae	Wallemia	sebi	Fungi	Basidiomycota	Wallemiomycetes	Wallemiales	Wallemiaceae	Wallemia	mellicola
Taxa_2340	Fungi	Ascomycota	Pezizomycetes	Pezizales	Pezizales_fam_Incertae_sedis	Coprotus	glaucellus	Fungi	Basidiomycota	Tremellomycetes	Trichosporonales	Trichosporonaceae	Apiotrichum	akiyoshidainum
Taxa_2377	Fungi	Basidiomycota	Agaricomycetes	Agaricales	Psathyrellaceae	Coprinellus	radicellus	Fungi	Basidiomycota	Agaricomycetes	Agaricales	Psathyrellaceae	Tulosesus	NA
Taxa_2432	Fungi	Ascomycota	Sordariomycetes	Microascales	Microascaceae	Kernia	columnaris	Fungi	Ascomycota	Sordariomycetes	Microascales	Microascaceae	Scedosporium	NA
Taxa_2485	Fungi	Ascomycota	Sordariomycetes	Hypocreales	Nectriaceae	Fusarium	variasi	Fungi	Ascomycota	Sordariomycetes	Hypocreales	Nectriaceae	Neocosmospora	NA
Taxa_2488	Fungi	Ascomycota	Dothideomycetes	Pleosporales	Didymosphaeriaceae	Pseudopithomyces	rosae	Fungi	Ascomycota	Dothideomycetes	Pleosporales	Didymosphaeriaceae	Pseudopithomyces	chartarum
Taxa_2524	Fungi	Ascomycota	Sordariomycetes	Hypocreales	Hypocreaceae	Trichoderma	ghanense	Fungi	Ascomycota	Sordariomycetes	Hypocreales	Hypocreaceae	Trichoderma	NA
Taxa_2624	Fungi	Chytridiomycota	Chytridiomycota_cls_Incertae_sedis	Chytridiomycota_ord_Incertae_sedis	Chytridiomycota_fam_Incertae_sedis	Chytridiomycota_gen_Incertae_sedis	NA	Fungi	Basidiomycota	Tremellomycetes	Trichosporonales	Trichosporonaceae	Apiotrichum	akiyoshidainum
Taxa_2682	Fungi	Basidiomycota	Tremellomycetes	Tremellales	Cryptococcaceae	Cryptococcus	nyarrowii	Fungi	Basidiomycota	Tremellomycetes	Holtermanniales	Holtermanniaceae	Holtermanniella	takashimae
Taxa_2697	Fungi	Neocallimastigomycota	Neocallimastigomycetes	Neocallimastigales	Neocallimastigaceae	Piromyces	NA	Fungi	Neocallimastigomycota	Neocallimastigomycetes	Neocallimastigales	Neocallimastigaceae	Neocallimastix	californiae
Taxa_2725	Fungi	Ascomycota	Dothideomycetes	Pleosporales	NA	NA	NA	Fungi	Ascomycota	Dothideomycetes	Pleosporales	Lophiotremataceae	Lophiotrema	rubi
Taxa_2762	Fungi	Fungi_phy_Incertae_sedis	Fungi_cls_Incertae_sedis	Fungi_ord_Incertae_sedis	Fungi_fam_Incertae_sedis	Fungi_gen_Incertae_sedis	NA	Fungi	Basidiomycota	Tremellomycetes	Trichosporonales	Trichosporonaceae	Apiotrichum	akiyoshidainum
Taxa_2763	Fungi	Ascomycota	Eurotiomycetes	Eurotiales	Thermoascaceae	Paecilomyces	variotii	Fungi	Ascomycota	Eurotiomycetes	Eurotiales	Thermoascaceae	Byssochlamys	spectabilis
Taxa_2771	Fungi	Ascomycota	Sordariomycetes	Microascales	Microascaceae	Kernia	geniculotricha	Fungi	Ascomycota	Sordariomycetes	Microascales	Microascaceae	Scedosporium	NA
Taxa_2795	Fungi	Ascomycota	Eurotiomycetes	Eurotiales	Aspergillaceae	Aspergillus	ruber	Fungi	Ascomycota	Eurotiomycetes	Eurotiales	Aspergillaceae	Aspergillus	NA
Taxa_2798	Fungi	Neocallimastigomycota	Neocallimastigomycetes	Neocallimastigales	Neocallimastigaceae	Pecoramyces	ruminantium	Fungi	Neocallimastigomycota	Neocallimastigomycetes	Neocallimastigales	Neocallimastigaceae	Neocallimastix	californiae
Taxa_2827	Fungi	Ascomycota	Sordariomycetes	Hypocreales	Stachybotryaceae	Stachybotrys	chartarum	Fungi	Ascomycota	Sordariomycetes	Hypocreales	Stachybotryaceae	Xepicula	leucotricha
Taxa_2925	Fungi	Ascomycota	Sordariomycetes	Microascales	Halosphaeriaceae	NA	NA	Fungi	Basidiomycota	Tremellomycetes	Trichosporonales	Trichosporonaceae	Apiotrichum	akiyoshidainum
Taxa_2937	Fungi	Ascomycota	Eurotiomycetes	Chaetothyriales	Trichomeriaceae	Lithohypha	aloicola	Fungi	Ascomycota	Eurotiomycetes	Chaetothyriales	Trichomeriaceae	NA	NA
Taxa_2951	Fungi	Ascomycota	Sordariomycetes	Hypocreales	Nectriaceae	Fusarium	NA	Fungi	Ascomycota	Sordariomycetes	Hypocreales	Nectriaceae	Fusarium	NA
Taxa_2954	Fungi	Ascomycota	Sordariomycetes	Microascales	Microascales_fam_Incertae_sedis	Microascales_gen_Incertae_sedis	NA	Fungi	NA	NA	NA	NA	NA	NA
Taxa_2959	Fungi	Chytridiomycota	Chytridiomycota_cls_Incertae_sedis	Chytridiomycota_ord_Incertae_sedis	Chytridiomycota_fam_Incertae_sedis	Chytridiomycota_gen_Incertae_sedis	NA	Fungi	Basidiomycota	Tremellomycetes	Trichosporonales	Trichosporonaceae	Apiotrichum	akiyoshidainum
Taxa_2971	Fungi	Ascomycota	Sordariomycetes	Microascales	Microascaceae	Kernia	NA	Fungi	Ascomycota	Sordariomycetes	Microascales	Microascaceae	Lophotrichus	NA
Taxa_2977	Fungi	Basidiomycota	Cystobasidiomycetes	Cystobasidiales	Cystobasidiaceae	Cystobasidium	slooffiae	Fungi	Basidiomycota	Cystobasidiomycetes	Cystobasidiales	Cystobasidiaceae	Cystobasidium	raffinophilum
Taxa_3124	Fungi	Basidiomycota	Agaricomycetes	Agaricales	Psathyrellaceae	Coprinopsis	NA	Fungi	Basidiomycota	Agaricomycetes	Agaricales	Psathyrellaceae	Coprinopsis	NA
Taxa_3158	Fungi	Ascomycota	Sordariomycetes	Microascales	Microascaceae	Kernia	NA	Fungi	Ascomycota	Sordariomycetes	Microascales	Microascaceae	Lophotrichus	NA
Taxa_3168	Fungi	Basidiomycota	Agaricomycetes	Agaricales	Psathyrellaceae	Coprinellus	alkalinus	Fungi	Basidiomycota	Agaricomycetes	Agaricales	Psathyrellaceae	Tulosesus	NA
Taxa_3169	Fungi	Ascomycota	Pezizomycetes	Pezizales	Pezizaceae	Iodophanus	testaceus	Fungi	Ascomycota	Pezizomycetes	Pezizales	Pezizaceae	Iodophanus	testaceus
Taxa_3202	Fungi	Basidiomycota	Agaricomycetes	Agaricales	Psathyrellaceae	Coprinopsis	radiata	Fungi	Basidiomycota	Agaricomycetes	Agaricales	Psathyrellaceae	Coprinopsis	NA
Taxa_3213	Fungi	Ascomycota	Eurotiomycetes	Eurotiales	Aspergillaceae	Aspergillus	NA	Fungi	Ascomycota	Eurotiomycetes	Eurotiales	Aspergillaceae	Aspergillus	NA
Taxa_3402	Fungi	Ascomycota	Sordariomycetes	Sordariales	Chaetomiaceae	NA	NA	Fungi	Ascomycota	Sordariomycetes	Sordariales	Chaetomiaceae	NA	NA
Taxa_3428	Fungi	Basidiomycota	Agaricomycetes	Agaricales	Psathyrellaceae	Coprinopsis	radiata	Fungi	Basidiomycota	Agaricomycetes	Agaricales	Psathyrellaceae	Coprinopsis	NA
Taxa_3457	Fungi	Ascomycota	Pezizomycetes	Pezizales	Pyronemataceae	Cheilymenia	granulata	Fungi	NA	NA	NA	NA	NA	NA
Taxa_3494	Fungi	Basidiomycota	Agaricomycetes	Agaricales	Psathyrellaceae	Coprinopsis	clastophylla	Fungi	Basidiomycota	Agaricomycetes	Agaricales	Psathyrellaceae	Coprinopsis	cf.narcotica
Taxa_3527	Fungi	Ascomycota	Sordariomycetes	Glomerellales	Plectosphaerellaceae	Acrostalagmus	luteoalbus	Fungi	Ascomycota	Sordariomycetes	Glomerellales	Plectosphaerellaceae	Acrostalagmus	luteoalbus
Taxa_3579	Fungi	Ascomycota	Leotiomycetes	Helotiales	Sclerotiniaceae	Schroeteria	delastrina	Fungi	Ascomycota	NA	NA	NA	NA	NA
Taxa_3622	Fungi	Ascomycota	Sordariomycetes	Hypocreales	Bionectriaceae	Roumegueriella	rufula	Fungi	Ascomycota	Sordariomycetes	Hypocreales	Bionectriaceae	NA	NA
Taxa_3653	Fungi	Ascomycota	Sordariomycetes	Sordariales	Podosporaceae	Podospora	bulbillosa	Fungi	NA	NA	NA	NA	NA	NA
Taxa_3660	Fungi	Ascomycota	Sordariomycetes	Hypocreales	Cordycipitaceae	Beauveria	NA	Fungi	Ascomycota	Sordariomycetes	Hypocreales	Cordycipitaceae	Beauveria	NA
Taxa_3663	Fungi	Ascomycota	Dothideomycetes	Pleosporales	Phaeosphaeriaceae	Chaetosphaeronema	NA	Fungi	Ascomycota	Dothideomycetes	Pleosporales	Phaeosphaeriaceae	Ophiobolus	cirsii
Taxa_3672	Fungi	Ascomycota	Dothideomycetes	Pleosporales	NA	NA	NA	Fungi	Basidiomycota	Tremellomycetes	Trichosporonales	Trichosporonaceae	Apiotrichum	akiyoshidainum
Taxa_3698	Fungi	Chytridiomycota	Chytridiomycota_cls_Incertae_sedis	Chytridiomycota_ord_Incertae_sedis	Chytridiomycota_fam_Incertae_sedis	Chytridiomycota_gen_Incertae_sedis	NA	Fungi	Basidiomycota	Tremellomycetes	Trichosporonales	Trichosporonaceae	Apiotrichum	akiyoshidainum
Taxa_3736	Fungi	Mucoromycota	Mucoromycetes	Mucorales	Mucoraceae	Mucor	racemosus	Fungi	Mucoromycota	Mucoromycetes	Mucorales	Mucoraceae	NA	NA
Taxa_3794	Fungi	Ascomycota	Eurotiomycetes	Eurotiales	Aspergillaceae	Aspergillus	salinicola	Fungi	Ascomycota	Eurotiomycetes	Eurotiales	Aspergillaceae	Penicillium	NA
Taxa_4062	Fungi	Ascomycota	Eurotiomycetes	NA	NA	NA	NA	Fungi	Ascomycota	Eurotiomycetes	Onygenales	NA	NA	NA
Taxa_4063	Fungi	Ascomycota	Pezizomycetes	Pezizales	Pezizales_fam_Incertae_sedis	Boubovia	NA	Fungi	Ascomycota	Pezizomycetes	Pezizales	Pezizales_fam_incertae_sedis	Boubovia	NA
Taxa_4076	Fungi	NA	NA	NA	NA	NA	NA	Fungi	Basidiomycota	NA	NA	NA	NA	NA
Taxa_4102	Fungi	Ascomycota	Sordariomycetes	Microascales	Microascaceae	Kernia	geniculotricha	Fungi	Ascomycota	Sordariomycetes	Microascales	Microascaceae	Scedosporium	NA
Taxa_4115	Fungi	Ascomycota	Sordariomycetes	Microascales	Microascaceae	Parascedosporium	putredinis	Fungi	Ascomycota	Sordariomycetes	Microascales	Microascaceae	Rhinocladium	lesnei
Taxa_4119	Fungi	Ascomycota	Sordariomycetes	Hypocreales	Nectriaceae	Paracremonium	binnewijzendii	Fungi	Ascomycota	Sordariomycetes	Hypocreales	Nectriaceae	NA	NA
Taxa_4185	Fungi	NA	NA	NA	NA	NA	NA	Fungi	Basidiomycota	NA	NA	NA	NA	NA
Taxa_4225	Fungi	Ascomycota	Sordariomycetes	Hypocreales	Bionectriaceae	Acremonium	pinkertoniae	Fungi	Ascomycota	Sordariomycetes	Hypocreales	Bionectriaceae	Ovicillium	NA
Taxa_4264	Fungi	Chytridiomycota	Chytridiomycota_cls_Incertae_sedis	Chytridiomycota_ord_Incertae_sedis	Chytridiomycota_fam_Incertae_sedis	Chytridiomycota_gen_Incertae_sedis	NA	Fungi	Basidiomycota	Tremellomycetes	Trichosporonales	Trichosporonaceae	Apiotrichum	akiyoshidainum
Taxa_4265	Fungi	Chytridiomycota	Chytridiomycota_cls_Incertae_sedis	Chytridiomycota_ord_Incertae_sedis	Chytridiomycota_fam_Incertae_sedis	Chytridiomycota_gen_Incertae_sedis	NA	Fungi	Basidiomycota	Tremellomycetes	Trichosporonales	Trichosporonaceae	Apiotrichum	akiyoshidainum
Taxa_4355	Fungi	Chytridiomycota	Chytridiomycota_cls_Incertae_sedis	Chytridiomycota_ord_Incertae_sedis	Chytridiomycota_fam_Incertae_sedis	Chytridiomycota_gen_Incertae_sedis	NA	Fungi	Basidiomycota	Tremellomycetes	Trichosporonales	Trichosporonaceae	Apiotrichum	akiyoshidainum
Taxa_4371	Fungi	Basidiomycota	Agaricomycetes	Agaricales	Psathyrellaceae	Candolleomyces	subcacao	Fungi	Basidiomycota	Agaricomycetes	Agaricales	Psathyrellaceae	Candolleomyces	NA
Taxa_4420	Fungi	Neocallimastigomycota	Neocallimastigomycetes	Neocallimastigales	Neocallimastigaceae	NA	NA	Fungi	Neocallimastigomycota	Neocallimastigomycetes	Neocallimastigales	Neocallimastigaceae	Neocallimastix	californiae
Taxa_4432	Fungi	Ascomycota	Sordariomycetes	Sordariales	NA	NA	NA	Fungi	NA	NA	NA	NA	NA	NA
Taxa_4511	Fungi	Ascomycota	Dothideomycetes	Pleosporales	Sporormiaceae	Westerdykella	nigra	Fungi	Ascomycota	Dothideomycetes	Pleosporales	Sporormiaceae	NA	NA
Taxa_4614	Fungi	Chytridiomycota	Chytridiomycota_cls_Incertae_sedis	Chytridiomycota_ord_Incertae_sedis	Chytridiomycota_fam_Incertae_sedis	Chytridiomycota_gen_Incertae_sedis	NA	Fungi	Basidiomycota	NA	NA	NA	NA	NA
Taxa_4653	Fungi	Ascomycota	Eurotiomycetes	Eurotiales	Trichocomaceae	Thermomyces	dupontii	Fungi	Ascomycota	Eurotiomycetes	Eurotiales	Trichocomaceae	Thermomyces	lanuginosus
Taxa_4697	Fungi	Ascomycota	Leotiomycetes	Thelebolales	Thelebolaceae	Thelebolus	NA	Fungi	Ascomycota	Leotiomycetes	Thelebolales	Thelebolaceae	Thelebolus	NA
Taxa_4825	Fungi	Ascomycota	Sordariomycetes	Sordariales	Podosporaceae	Triangularia	phialophoroides	Fungi	Ascomycota	Sordariomycetes	Sordariales	Chaetomiaceae	NA	NA
Taxa_4866	Fungi	Ascomycota	Dothideomycetes	Pleosporales	Phaeosphaeriaceae	Neosetophoma	NA	Fungi	Ascomycota	Dothideomycetes	Pleosporales	Phaeosphaeriaceae	Neosetophoma	NA
Taxa_4902	Fungi	Ascomycota	Eurotiomycetes	Chaetothyriales	Herpotrichiellaceae	Exophiala	xenobiotica	Fungi	Ascomycota	Eurotiomycetes	Chaetothyriales	Herpotrichiellaceae	Exophiala	NA
Taxa_4951	Fungi	Chytridiomycota	Chytridiomycota_cls_Incertae_sedis	Chytridiomycota_ord_Incertae_sedis	Chytridiomycota_fam_Incertae_sedis	Chytridiomycota_gen_Incertae_sedis	NA	Fungi	Basidiomycota	NA	NA	NA	NA	NA
Taxa_5053	Fungi	Chytridiomycota	Chytridiomycota_cls_Incertae_sedis	Chytridiomycota_ord_Incertae_sedis	Chytridiomycota_fam_Incertae_sedis	Chytridiomycota_gen_Incertae_sedis	NA	Fungi	Basidiomycota	Tremellomycetes	Trichosporonales	Trichosporonaceae	Apiotrichum	akiyoshidainum
Taxa_5056	Fungi	Ascomycota	Dothideomycetes	Pleosporales	Torulaceae	Torula	fici	Fungi	Basidiomycota	Tremellomycetes	Trichosporonales	Trichosporonaceae	Apiotrichum	akiyoshidainum
Taxa_5069	Fungi	Chytridiomycota	Chytridiomycota_cls_Incertae_sedis	Chytridiomycota_ord_Incertae_sedis	Chytridiomycota_fam_Incertae_sedis	Chytridiomycota_gen_Incertae_sedis	NA	Fungi	Basidiomycota	Tremellomycetes	Trichosporonales	Trichosporonaceae	Apiotrichum	akiyoshidainum
Taxa_5148	Fungi	Ascomycota	Sordariomycetes	Sordariales	Podosporaceae	Triangularia	pauciseta	Fungi	Ascomycota	Sordariomycetes	Sordariales	Podosporaceae	Triangularia	verruculosa
Taxa_5201	Fungi	Ascomycota	Dothideomycetes	Pleosporales	Pleosporaceae	Curvularia	spicifera	Fungi	Ascomycota	Dothideomycetes	Pleosporales	Pleosporaceae	Curvularia	NA
Taxa_5306	Fungi	Ascomycota	Sordariomycetes	Glomerellales	Plectosphaerellaceae	Plectosphaerella	NA	Fungi	Ascomycota	Sordariomycetes	Glomerellales	Plectosphaerellaceae	Plectosphaerella	NA
Taxa_5404	Fungi	Ascomycota	Sordariomycetes	Sordariales	Chaetomiaceae	NA	NA	Fungi	Ascomycota	Sordariomycetes	Sordariales	NA	NA	NA
Taxa_5443	Fungi	Ascomycota	Sordariomycetes	Hypocreales	Stachybotryaceae	Xepicula	leucotricha	Fungi	Ascomycota	Sordariomycetes	Hypocreales	Stachybotryaceae	Myrothecium	roridum
Taxa_5502	Fungi	Rozellomycota	Rozellomycota_cls_Incertae_sedis	Rozellomycota_ord_Incertae_sedis	Rozellomycota_fam_Incertae_sedis	Rozellomycota_gen_Incertae_sedis	NA	Fungi	Rozellomycota	NA	NA	NA	NA	NA
Taxa_5621	Fungi	Ascomycota	Dothideomycetes	Pleosporales	Phaeosphaeriaceae	Neosetophoma	NA	Fungi	Ascomycota	Dothideomycetes	Pleosporales	Phaeosphaeriaceae	Neosetophoma	NA
Taxa_5721	Fungi	Neocallimastigomycota	Neocallimastigomycetes	Neocallimastigales	Neocallimastigaceae	Orpinomyces	NA	Fungi	Neocallimastigomycota	Neocallimastigomycetes	Neocallimastigales	Neocallimastigaceae	Neocallimastix	californiae
Taxa_5760	Fungi	Ascomycota	Sordariomycetes	Sordariales	NA	NA	NA	Fungi	Ascomycota	Sordariomycetes	Sordariales	NA	NA	NA
Taxa_5783	Fungi	Ascomycota	Eurotiomycetes	Onygenales	Onygenaceae	Malbranchea	ostraviensis	Fungi	Ascomycota	Eurotiomycetes	Onygenales	Onygenaceae	Auxarthron	NA
Taxa_5811	Fungi	Chytridiomycota	NA	NA	NA	NA	NA	Fungi	Neocallimastigomycota	GS56	NA	NA	NA	NA
Taxa_5837	Fungi	Ascomycota	Sordariomycetes	Microascales	Microascaceae	Scedosporium	NA	Fungi	Ascomycota	Sordariomycetes	Microascales	Microascaceae	Scedosporium	dehoogii
Taxa_5868	Fungi	Mortierellomycota	Mortierellomycetes	Mortierellales	Mortierellaceae	Mortierella	reticulata	Fungi	Mortierellomycota	Mortierellomycetes	Mortierellales	Mortierellaceae	Mortierella.s.str	NA
Taxa_5896	Fungi	Fungi_phy_Incertae_sedis	Fungi_cls_Incertae_sedis	Fungi_ord_Incertae_sedis	Fungi_fam_Incertae_sedis	Fungi_gen_Incertae_sedis	NA	Fungi	Basidiomycota	Tremellomycetes	Trichosporonales	Trichosporonaceae	Apiotrichum	akiyoshidainum
Taxa_5953	Fungi	Ascomycota	Dothideomycetes	Pleosporales	Cucurbitariaceae	Neocucurbitaria	ribicola	Fungi	Ascomycota	Dothideomycetes	Pleosporales	Cucurbitariaceae	Neocucurbitaria	NA
Taxa_5998	Fungi	Ascomycota	Pezizomycetes	Pezizales	Ascobolaceae	Ascobolus	NA	Fungi	Ascomycota	Pezizomycetes	Pezizales	Ascobolaceae	Ascobolus	NA
Taxa_6047	Fungi	NA	NA	NA	NA	NA	NA	Fungi	Basidiomycota	Tremellomycetes	Trichosporonales	Trichosporonaceae	Apiotrichum	akiyoshidainum
Taxa_6136	Fungi	Ascomycota	Leotiomycetes	Helotiales	Myxotrichaceae	Myxotrichum	NA	Fungi	Ascomycota	Leotiomycetes	Helotiales	Amorphothecaceae	Oidiodendron	NA
Taxa_6165	Fungi	Basidiomycota	Agaricomycetes	Agaricales	Psathyrellaceae	Coprinellus	alkalinus	Fungi	Basidiomycota	Agaricomycetes	Agaricales	Psathyrellaceae	Tulosesus	NA
Taxa_6222	Fungi	NA	NA	NA	NA	NA	NA	Fungi	Basidiomycota	Tremellomycetes	Trichosporonales	Trichosporonaceae	Apiotrichum	akiyoshidainum
Taxa_6253	Fungi	Ascomycota	Dothideomycetes	Dothideomycetes_ord_Incertae_sedis	Eremomycetaceae	Arthrographis	arxii	Fungi	Basidiomycota	Tremellomycetes	Trichosporonales	Trichosporonaceae	Apiotrichum	akiyoshidainum
Taxa_6364	Fungi	Neocallimastigomycota	Neocallimastigomycetes	Neocallimastigales	Neocallimastigaceae	Anaeromyces	mucronatus	Fungi	Neocallimastigomycota	Neocallimastigomycetes	Neocallimastigales	Neocallimastigaceae	Neocallimastix	californiae
Taxa_6395	Fungi	Basidiomycota	Agaricomycetes	Agaricales	Entolomataceae	Clitopilus	baronii	Fungi	Basidiomycota	Agaricomycetes	Agaricales	Entolomataceae	Clitopilus	hobsonii
Taxa_6536	Fungi	Ascomycota	Sordariomycetes	Microascales	Microascaceae	Kernia	geniculotricha	Fungi	Ascomycota	Sordariomycetes	Microascales	Microascaceae	Scedosporium	NA
Taxa_6612	Fungi	Basidiomycota	Tremellomycetes	Trichosporonales	Trichosporonaceae	Trichosporon	NA	Fungi	Basidiomycota	Tremellomycetes	Trichosporonales	Trichosporonaceae	Trichosporon	asahii.var.asahii
Taxa_6725	Fungi	Chytridiomycota	Chytridiomycota_cls_Incertae_sedis	Chytridiomycota_ord_Incertae_sedis	Chytridiomycota_fam_Incertae_sedis	Chytridiomycota_gen_Incertae_sedis	NA	Fungi	Basidiomycota	Tremellomycetes	Trichosporonales	Trichosporonaceae	Apiotrichum	akiyoshidainum
Taxa_6781	Fungi	Ascomycota	Dothideomycetes	Pleosporales	Torulaceae	Torula	chromolaenae	Fungi	Basidiomycota	Tremellomycetes	Trichosporonales	Trichosporonaceae	Apiotrichum	akiyoshidainum
Taxa_6854	Fungi	Ascomycota	Sordariomycetes	Microascales	Microascaceae	Scedosporium	dehoogii	Fungi	Ascomycota	Sordariomycetes	Microascales	Microascaceae	Scedosporium	dehoogii
Taxa_6882	Fungi	Ascomycota	Sordariomycetes	Sordariales	NA	NA	NA	Fungi	Ascomycota	Sordariomycetes	Sordariales	Bombardiaceae	Ramophialophora	NA
Taxa_6917	Fungi	Basidiomycota	Wallemiomycetes	Wallemiales	Wallemiaceae	Wallemia	canadensis	Fungi	Basidiomycota	Wallemiomycetes	Wallemiales	Wallemiaceae	Wallemia	mellicola
Taxa_6979	Fungi	Ascomycota	Sordariomycetes	Coniochaetales	Coniochaetaceae	Coniochaeta	decumbens	Fungi	Ascomycota	Sordariomycetes	Coniochaetales	Coniochaetaceae	Coniochaeta	NA
Taxa_7000	Fungi	NA	NA	NA	NA	NA	NA	Fungi	Basidiomycota	Tremellomycetes	Trichosporonales	Trichosporonaceae	Apiotrichum	akiyoshidainum
Taxa_7033	Fungi	Ascomycota	Sordariomycetes	Microascales	Microascaceae	Kernia	NA	Fungi	Ascomycota	Sordariomycetes	Microascales	Microascaceae	Scedosporium	NA
Taxa_7066	Fungi	Ascomycota	Sordariomycetes	Hypocreales	Nectriaceae	Fusarium	variasi	Fungi	Ascomycota	Sordariomycetes	Hypocreales	Nectriaceae	Neocosmospora	NA
Taxa_7103	Fungi	Ascomycota	Sordariomycetes	Ophiostomatales	Ophiostomataceae	Subbaromyces	splendens	Fungi	Basidiomycota	Tremellomycetes	Trichosporonales	Trichosporonaceae	Apiotrichum	akiyoshidainum
Taxa_7276	Fungi	Ascomycota	Sordariomycetes	Microascales	Microascaceae	Cephalotrichum	telluricum	Fungi	Ascomycota	Sordariomycetes	Microascales	Microascaceae	Gamsia	NA
Taxa_7311	Fungi	Basidiomycota	Agaricomycetes	Agaricales	Psathyrellaceae	Coprinellus	NA	Fungi	Basidiomycota	Agaricomycetes	Agaricales	Psathyrellaceae	Tulosesus	NA
Taxa_7351	Fungi	Ascomycota	Xylonomycetes	GS34	GS34_fam_Incertae_sedis	GS34_gen_Incertae_sedis	NA	Fungi	Ascomycota	Leotiomycetes	Leotiales	Tympanidaceae	NA	NA
Taxa_7355	Fungi	Ascomycota	Sordariomycetes	Sordariales	NA	NA	NA	Fungi	Ascomycota	Sordariomycetes	Sordariales	Bombardiaceae	Ramophialophora	NA
Taxa_7356	Fungi	Ascomycota	Sordariomycetes	Microascales	Microascaceae	Kernia	NA	Fungi	Ascomycota	Sordariomycetes	Microascales	Microascaceae	Scedosporium	NA
Taxa_7442	Fungi	Ascomycota	Sordariomycetes	Microascales	Microascaceae	NA	NA	Fungi	Ascomycota	Sordariomycetes	Microascales	Microascaceae	Lophotrichus	NA
Taxa_7524	Fungi	Basidiomycota	Agaricomycetes	Agaricales	Psathyrellaceae	Coprinellus	NA	Fungi	Basidiomycota	Agaricomycetes	Agaricales	Psathyrellaceae	Tulosesus	NA
Taxa_7630	Fungi	Ascomycota	Sordariomycetes	Sordariales	NA	NA	NA	Fungi	Ascomycota	Sordariomycetes	Sordariales	Lasiosphaeriaceae	Zopfiella	NA
Taxa_7680	Fungi	Ascomycota	Sordariomycetes	Sordariales	Lasiosphaeriaceae	Schizothecium	multipilosum	Fungi	Ascomycota	Sordariomycetes	Sordariales	Lasiosphaeriaceae	Schizothecium	NA
Taxa_7772	Fungi	Ascomycota	NA	NA	NA	NA	NA	Fungi	Basidiomycota	Tremellomycetes	Trichosporonales	Trichosporonaceae	Apiotrichum	akiyoshidainum
Taxa_7808	Fungi	Ascomycota	Dothideomycetes	Pleosporales	Dothidotthiaceae	Phaeomycocentrospora	cantuariensis	Fungi	Ascomycota	Dothideomycetes	Pleosporales	Dothidotthiaceae	Mycocentrospora	NA
Taxa_7856	Fungi	NA	NA	NA	NA	NA	NA	Fungi	Basidiomycota	Tremellomycetes	Trichosporonales	Trichosporonaceae	Apiotrichum	akiyoshidainum
Taxa_7944	Fungi	Chytridiomycota	Chytridiomycota_cls_Incertae_sedis	Chytridiomycota_ord_Incertae_sedis	Chytridiomycota_fam_Incertae_sedis	Chytridiomycota_gen_Incertae_sedis	NA	Fungi	Basidiomycota	Tremellomycetes	Trichosporonales	Trichosporonaceae	Apiotrichum	akiyoshidainum
Taxa_8002	Fungi	Basidiomycota	Tremellomycetes	Tremellales	Rhynchogastremaceae	Papiliotrema	frias	Fungi	Basidiomycota	Tremellomycetes	Tremellales	Rhynchogastremaceae	Papiliotrema	NA
Taxa_8003	Fungi	Mortierellomycota	Mortierellomycetes	Mortierellales	Mortierellaceae	Mortierella	NA	Fungi	Mortierellomycota	Mortierellomycetes	Mortierellales	Mortierellaceae	Mortierella.s.str	indohii
Taxa_8005	Fungi	Neocallimastigomycota	Neocallimastigomycetes	Neocallimastigales	Neocallimastigaceae	Piromyces	NA	Fungi	Neocallimastigomycota	Neocallimastigomycetes	Neocallimastigales	Neocallimastigaceae	Neocallimastix	californiae
Taxa_8007	Fungi	Ascomycota	Dothideomycetes	Pleosporales	Cucurbitariaceae	Neocucurbitaria	keratinophila	Fungi	Ascomycota	Dothideomycetes	Pleosporales	Cucurbitariaceae	Neocucurbitaria	acerina
Taxa_8449	Fungi	Ascomycota	Dothideomycetes	Pleosporales	Sporormiaceae	Sporormiaceae_gen_Incertae_sedis	NA	Fungi	NA	NA	NA	NA	NA	NA
Taxa_8490	Fungi	NA	NA	NA	NA	NA	NA	Fungi	Basidiomycota	Tremellomycetes	Trichosporonales	Trichosporonaceae	Apiotrichum	akiyoshidainum
Taxa_8547	Fungi	Ascomycota	Dothideomycetes	Pleosporales	Phaeosphaeriaceae	Neosetophoma	buxi	Fungi	Ascomycota	Dothideomycetes	Pleosporales	Phaeosphaeriaceae	Neosetophoma	NA
Taxa_8549	Fungi	Basidiomycota	Tremellomycetes	Tremellales	Bulleribasidiaceae	Vishniacozyma	heimaeyensis	Fungi	Basidiomycota	Tremellomycetes	Tremellales	Bulleribasidiaceae	Vishniacozyma	europaea
Taxa_8551	Fungi	NA	NA	NA	NA	NA	NA	Fungi	Basidiomycota	NA	NA	NA	NA	NA
Taxa_8650	Fungi	Chytridiomycota	Spizellomycetes	Spizellomycetales	Spizellomycetales_fam_Incertae_sedis	Spizellomycetales_gen_Incertae_sedis	NA	Fungi	Basidiomycota	NA	NA	NA	NA	NA
Taxa_8704	Fungi	Ascomycota	Sordariomycetes	Hypocreales	Nectriaceae	Fusarium	equiseti	Fungi	Ascomycota	Sordariomycetes	Hypocreales	Nectriaceae	Gibberella	intricans
Taxa_8708	Fungi	Ascomycota	Sordariomycetes	Sordariales	Podosporaceae	Podospora	pleiospora	Fungi	Ascomycota	Sordariomycetes	Sordariales	Podosporaceae	Podospora	NA
Taxa_8777	Fungi	Basidiomycota	Agaricomycetes	Agaricales	Strophariaceae	Agrocybe	pediades	Fungi	Basidiomycota	Agaricomycetes	Agaricales	Strophariaceae	Agrocybe	pediades
Taxa_8780	Fungi	Ascomycota	Sordariomycetes	Microascales	Microascaceae	Petriella	sordida	Fungi	Ascomycota	Sordariomycetes	Microascales	Microascaceae	Petriella	sordida
Taxa_8919	Fungi	Mucoromycota	Mucoromycetes	Mucorales	Mucoraceae	Mucor	circinelloides	Fungi	Mucoromycota	Mucoromycetes	Mucorales	Mucoraceae	NA	NA
Taxa_8921	Fungi	Ascomycota	Sordariomycetes	Sordariales	NA	NA	NA	Fungi	Ascomycota	Sordariomycetes	Sordariales	NA	NA	NA
Taxa_8923	Fungi	Basidiomycota	Agaricomycetes	Agaricales	Psathyrellaceae	Coprinopsis	pseudonivea	Fungi	Basidiomycota	Agaricomycetes	Agaricales	Psathyrellaceae	Coprinopsis	nivea
Taxa_9044	Fungi	Ascomycota	Eurotiomycetes	Onygenales	Gymnoascaceae	Gymnoascus	halophilus	Fungi	Basidiomycota	Tremellomycetes	Trichosporonales	Trichosporonaceae	Apiotrichum	akiyoshidainum
Taxa_9182	Fungi	Ascomycota	Sordariomycetes	Glomerellales	Plectosphaerellaceae	Gibellulopsis	piscis	Fungi	Ascomycota	Sordariomycetes	Glomerellales	Plectosphaerellaceae	Gibellulopsis	NA
Taxa_9250	Fungi	Neocallimastigomycota	Neocallimastigomycetes	Neocallimastigales	Neocallimastigaceae	Orpinomyces	NA	Fungi	Neocallimastigomycota	Neocallimastigomycetes	Neocallimastigales	Neocallimastigaceae	Neocallimastix	californiae
Taxa_9251	Fungi	NA	NA	NA	NA	NA	NA	Fungi	Basidiomycota	NA	NA	NA	NA	NA
Taxa_9326	Fungi	Ascomycota	Eurotiomycetes	Eurotiales	Aspergillaceae	Aspergillus	ruber	Fungi	Ascomycota	Eurotiomycetes	Eurotiales	Aspergillaceae	Aspergillus	NA
Taxa_9328	Fungi	Ascomycota	Pezizomycetes	Pezizales	Pezizaceae	Iodophanus	NA	Fungi	Ascomycota	Pezizomycetes	Pezizales	Pezizaceae	Iodophanus	NA
Taxa_9334	Fungi	Ascomycota	Leotiomycetes	Helotiales	Erysiphaceae	Golovinomyces	sonchicola	Fungi	Ascomycota	Leotiomycetes	Helotiales	Erysiphaceae	Golovinomyces	cichoracearum
Taxa_9413	Fungi	Ascomycota	Dothideomycetes	Pleosporales	NA	NA	NA	Fungi	Ascomycota	Dothideomycetes	Pleosporales	NA	NA	NA
Taxa_9420	Fungi	Ascomycota	Sordariomycetes	Sordariales	NA	NA	NA	Fungi	Ascomycota	Sordariomycetes	Sordariales	NA	NA	NA
Taxa_9490	Fungi	Ascomycota	Sordariomycetes	Sordariales	Neoschizotheciaceae	Neoschizothecium	curvisporum	Fungi	Ascomycota	Sordariomycetes	Sordariales	Lasiosphaeriaceae	Schizothecium	NA
Taxa_9492	Fungi	Ascomycota	Pezizomycetes	Pezizales	Ascobolaceae	Ascobolus	crenulatus	Fungi	Ascomycota	Pezizomycetes	Pezizales	Ascobolaceae	Ascobolus	NA
Taxa_9495	Fungi	Ascomycota	Dothideomycetes	Pleosporales	Didymosphaeriaceae	Chromolaenicola	chiangraiensis	Fungi	Ascomycota	Dothideomycetes	Pleosporales	Microsphaeropsidaceae	Microsphaeropsis	NA
Taxa_9527	Fungi	Ascomycota	Sordariomycetes	Pleurotheciales	Pleurotheciaceae	Phaeoisaria	NA	Fungi	Ascomycota	Sordariomycetes	Pleurotheciales	Pleurotheciaceae	Phaeoisaria	NA
Taxa_9579	Fungi	Basidiomycota	Agaricomycetes	NA	NA	NA	NA	Fungi	Basidiomycota	Tremellomycetes	Trichosporonales	Trichosporonaceae	Apiotrichum	akiyoshidainum
Taxa_9580	Fungi	Neocallimastigomycota	Neocallimastigomycetes	Neocallimastigales	Neocallimastigaceae	Caecomyces	NA	Fungi	Neocallimastigomycota	Neocallimastigomycetes	Neocallimastigales	Neocallimastigaceae	Neocallimastix	californiae
Taxa_9671	Fungi	NA	NA	NA	NA	NA	NA	Fungi	Basidiomycota	Tremellomycetes	Trichosporonales	Trichosporonaceae	Apiotrichum	akiyoshidainum
Taxa_9672	Fungi	NA	NA	NA	NA	NA	NA	Fungi	Basidiomycota	NA	NA	NA	NA	NA
Taxa_9746	Fungi	Chytridiomycota	Chytridiomycota_cls_Incertae_sedis	Chytridiomycota_ord_Incertae_sedis	Chytridiomycota_fam_Incertae_sedis	Chytridiomycota_gen_Incertae_sedis	NA	Fungi	Basidiomycota	Tremellomycetes	Trichosporonales	Trichosporonaceae	Apiotrichum	akiyoshidainum
Taxa_9825	Fungi	Ascomycota	Pezizomycetes	Pezizales	Pezizaceae	Iodophanus	NA	Fungi	Ascomycota	Pezizomycetes	Pezizales	Pezizaceae	Iodophanus	NA
Taxa_9907	Fungi	Basidiomycota	Agaricomycetes	Agaricales	Psathyrellaceae	Coprinopsis	NA	Fungi	Basidiomycota	Agaricomycetes	Agaricales	Psathyrellaceae	Coprinopsis	NA
Taxa_9908	Fungi	Fungi_phy_Incertae_sedis	Fungi_cls_Incertae_sedis	Fungi_ord_Incertae_sedis	Fungi_fam_Incertae_sedis	Fungi_gen_Incertae_sedis	NA	Fungi	Ascomycota	Lecanoromycetes	Peltigerales	Pannariaceae	Pectenia	NA
Taxa_9994	Fungi	Ascomycota	Pezizomycetes	Pezizales	Pyronemataceae	Scutellinia	macrospora	Fungi	Ascomycota	Pezizomycetes	Pezizales	Pyronemataceae	Scutellinia	vitreola
Taxa_9996	Fungi	Ascomycota	Orbiliomycetes	Orbiliales	Orbiliaceae	Arthrobotrys	NA	Fungi	Ascomycota	Orbiliomycetes	Orbiliales	Orbiliaceae	Arthrobotrys	oligospora
Taxa_10191	Fungi	Mucoromycota	Mucoromycetes	Mucorales	Pilobolaceae	Pilobolus	lentiger	Fungi	Basidiomycota	NA	NA	NA	NA	NA
Taxa_10193	Fungi	NA	NA	NA	NA	NA	NA	Fungi	Basidiomycota	NA	NA	NA	NA	NA
Taxa_10285	Fungi	Ascomycota	Sordariomycetes	Microascales	Microascaceae	Pseudallescheria	fimeti	Fungi	Ascomycota	Sordariomycetes	Microascales	Microascaceae	NA	NA
Taxa_10477	Fungi	Basidiomycota	Tremellomycetes	Tremellales	Trimorphomycetaceae	Saitozyma	flava	Fungi	Basidiomycota	Tremellomycetes	NA	NA	NA	NA
Taxa_10479	Fungi	Ascomycota	Pezizomycetes	Pezizales	Pezizales_fam_Incertae_sedis	Pezizales_gen_Incertae_sedis	NA	Fungi	Ascomycota	Pezizomycetes	Pezizales	Pezizales_fam_incertae_sedis	Boubovia	NA
Taxa_10481	Fungi	Ascomycota	Sordariomycetes	Hypocreales	Hypocreales_fam_Incertae_sedis	Hapsidospora	stercoraria	Fungi	Ascomycota	Sordariomycetes	Hypocreales	Cordycipitaceae	Beauveria	felina
Taxa_10551	Fungi	Ascomycota	Dothideomycetes	Pleosporales	Periconiaceae	Periconia	celtidis	Fungi	Ascomycota	Dothideomycetes	Pleosporales	Periconiaceae	Periconia	NA
Taxa_10582	Fungi	Ascomycota	Xylonomycetes	Symbiotaphrinales	Symbiotaphrinaceae	Symbiotaphrina	lignicola	Fungi	Ascomycota	NA	NA	NA	NA	NA
Taxa_10587	Fungi	Ascomycota	Sordariomycetes	Sordariales	Podosporaceae	Podospora	NA	Fungi	Ascomycota	Sordariomycetes	Sordariales	NA	NA	NA
Taxa_10694	Fungi	Basidiomycota	Cystobasidiomycetes	Cystobasidiomycetes_ord_Incertae_sedis	Cystobasidiomycetes_fam_Incertae_sedis	Cystobasidiomycetes_gen_Incertae_sedis	NA	Fungi	Basidiomycota	Cystobasidiomycetes	Cystobasidiales	Cystobasidiaceae	Cystobasidium	NA
Taxa_10695	Fungi	Ascomycota	Sordariomycetes	Microascales	Microascaceae	Enterocarpus	grenotii	Fungi	Ascomycota	Sordariomycetes	Microascales	Microascaceae	Lophotrichus	NA
Taxa_10698	Fungi	Chytridiomycota	Chytridiomycota_cls_Incertae_sedis	Chytridiomycota_ord_Incertae_sedis	Chytridiomycota_fam_Incertae_sedis	Chytridiomycota_gen_Incertae_sedis	NA	Fungi	Basidiomycota	Tremellomycetes	Trichosporonales	Trichosporonaceae	Apiotrichum	akiyoshidainum
Taxa_10793	Fungi	Ascomycota	Pezizomycetes	Pezizales	Pyronemataceae	Cheilymenia	NA	Fungi	Ascomycota	Pezizomycetes	Pezizales	Pyronemataceae	Cheilymenia	NA
Taxa_10794	Fungi	Mucoromycota	Mucoromycetes	Mucorales	Pilobolaceae	Pilobolus	crystallinus	Fungi	Basidiomycota	NA	NA	NA	NA	NA
Taxa_10894	Fungi	Ascomycota	Sordariomycetes	Sordariales	Bombardiaceae	Ramophialophora	NA	Fungi	Ascomycota	Sordariomycetes	Sordariales	NA	NA	NA
Taxa_10949	Fungi	Ascomycota	Dothideomycetes	Pleosporales	Dictyosporiaceae	NA	NA	Fungi	Ascomycota	Dothideomycetes	Pleosporales	Dictyosporiaceae	NA	NA
Taxa_11010	Fungi	Ascomycota	Dothideomycetes	Mycosphaerellales	Mycosphaerellaceae	Ramularia	armoraciae	Fungi	Ascomycota	Dothideomycetes	Mycosphaerellales	Mycosphaerellaceae	Ramularia	NA
Taxa_11131	Fungi	Ascomycota	Eurotiomycetes	Eurotiales	Aspergillaceae	Aspergillus	xerophilus	Fungi	Ascomycota	Eurotiomycetes	Eurotiales	Aspergillaceae	Aspergillus	NA
Taxa_11137	Fungi	Basidiomycota	Agaricomycetes	Agaricales	Psathyrellaceae	Coprinellus	NA	Fungi	Basidiomycota	Agaricomycetes	Agaricales	Psathyrellaceae	Tulosesus	NA
Taxa_11273	Fungi	NA	NA	NA	NA	NA	NA	Fungi	Basidiomycota	Tremellomycetes	Trichosporonales	Trichosporonaceae	Apiotrichum	akiyoshidainum
Taxa_11277	Fungi	Fungi_phy_Incertae_sedis	Fungi_cls_Incertae_sedis	Fungi_ord_Incertae_sedis	Fungi_fam_Incertae_sedis	Fungi_gen_Incertae_sedis	NA	Fungi	Ascomycota	Lecanoromycetes	Peltigerales	Pannariaceae	Pectenia	NA
Taxa_11280	Fungi	Chytridiomycota	Chytridiomycota_cls_Incertae_sedis	Chytridiomycota_ord_Incertae_sedis	Chytridiomycota_fam_Incertae_sedis	Chytridiomycota_gen_Incertae_sedis	NA	Fungi	Basidiomycota	Tremellomycetes	Trichosporonales	Trichosporonaceae	Apiotrichum	akiyoshidainum
Taxa_11409	Fungi	Ascomycota	Eurotiomycetes	Eurotiales	Aspergillaceae	Xeromyces	bisporus	Fungi	Ascomycota	Eurotiomycetes	Eurotiales	Aspergillaceae	NA	NA
Taxa_11410	Fungi	Ascomycota	Dothideomycetes	Pleosporales	Phaeosphaeriaceae	NA	NA	Fungi	Ascomycota	Dothideomycetes	Pleosporales	Phaeosphaeriaceae	NA	NA
Taxa_11539	Fungi	Fungi_phy_Incertae_sedis	Fungi_cls_Incertae_sedis	Fungi_ord_Incertae_sedis	Fungi_fam_Incertae_sedis	Fungi_gen_Incertae_sedis	NA	Fungi	Basidiomycota	NA	NA	NA	NA	NA
Taxa_11540	Fungi	Chytridiomycota	Chytridiomycota_cls_Incertae_sedis	Chytridiomycota_ord_Incertae_sedis	Chytridiomycota_fam_Incertae_sedis	Chytridiomycota_gen_Incertae_sedis	NA	Fungi	Basidiomycota	NA	NA	NA	NA	NA
Taxa_11542	Fungi	Fungi_phy_Incertae_sedis	Fungi_cls_Incertae_sedis	Fungi_ord_Incertae_sedis	Fungi_fam_Incertae_sedis	Fungi_gen_Incertae_sedis	NA	Fungi	NA	NA	NA	NA	NA	NA
Taxa_11679	Fungi	Fungi_phy_Incertae_sedis	Fungi_cls_Incertae_sedis	Fungi_ord_Incertae_sedis	Fungi_fam_Incertae_sedis	Fungi_gen_Incertae_sedis	NA	Fungi	Basidiomycota	Tremellomycetes	Trichosporonales	Trichosporonaceae	Apiotrichum	akiyoshidainum
Taxa_11682	Fungi	Ascomycota	Saccharomycetes	Saccharomycetales	Saccharomycetaceae	Cyniclomyces	NA	Fungi	Basidiomycota	Tremellomycetes	Trichosporonales	Trichosporonaceae	Apiotrichum	akiyoshidainum
Taxa_11685	Fungi	Ascomycota	Eurotiomycetes	Eurotiales	Aspergillaceae	Aspergillus	glabripes	Fungi	Ascomycota	Eurotiomycetes	Eurotiales	Aspergillaceae	Penicillium	NA
Taxa_11686	Fungi	Basidiomycota	Agaricomycetes	Trechisporales	Trechisporales_fam_Incertae_sedis	Trechisporales_gen_Incertae_sedis	NA	Fungi	Basidiomycota	Tremellomycetes	Trichosporonales	Trichosporonaceae	Apiotrichum	akiyoshidainum
Taxa_11689	Fungi	NA	NA	NA	NA	NA	NA	Fungi	Basidiomycota	Tremellomycetes	Trichosporonales	Trichosporonaceae	Apiotrichum	akiyoshidainum
Taxa_11841	Fungi	NA	NA	NA	NA	NA	NA	Fungi	Basidiomycota	Tremellomycetes	Trichosporonales	Trichosporonaceae	Apiotrichum	akiyoshidainum
Taxa_11842	Fungi	Neocallimastigomycota	Neocallimastigomycetes	Neocallimastigales	Neocallimastigaceae	Cyllamyces	NA	Fungi	Neocallimastigomycota	Neocallimastigomycetes	Neocallimastigales	Neocallimastigaceae	Neocallimastix	californiae
Taxa_11909	Fungi	Basidiomycota	Tremellomycetes	Trichosporonales	Trichosporonaceae	Apiotrichum	gracile	Fungi	Basidiomycota	Tremellomycetes	Trichosporonales	Trichosporonaceae	Apiotrichum	NA
Taxa_11984	Fungi	NA	NA	NA	NA	NA	NA	Fungi	Basidiomycota	NA	NA	NA	NA	NA
Taxa_11992	Fungi	Ascomycota	Sordariomycetes	Microascales	Microascaceae	NA	NA	Fungi	Ascomycota	Sordariomycetes	Microascales	Microascaceae	NA	NA
Taxa_12332	Fungi	Fungi_phy_Incertae_sedis	Fungi_cls_Incertae_sedis	Fungi_ord_Incertae_sedis	Fungi_fam_Incertae_sedis	Fungi_gen_Incertae_sedis	NA	Fungi	Basidiomycota	Tremellomycetes	Trichosporonales	Trichosporonaceae	Apiotrichum	akiyoshidainum
Taxa_12333	Fungi	Fungi_phy_Incertae_sedis	Fungi_cls_Incertae_sedis	Fungi_ord_Incertae_sedis	Fungi_fam_Incertae_sedis	Fungi_gen_Incertae_sedis	NA	Fungi	Basidiomycota	Tremellomycetes	Trichosporonales	Trichosporonaceae	Apiotrichum	akiyoshidainum
Taxa_12338	Fungi	Ascomycota	Eurotiomycetes	Onygenales	Onygenaceae	Leucothecium	NA	Fungi	Ascomycota	Eurotiomycetes	Onygenales	Onygenaceae	Leucothecium	emdenii
Taxa_12543	Fungi	NA	NA	NA	NA	NA	NA	Fungi	Basidiomycota	NA	NA	NA	NA	NA
Taxa_12738	Fungi	Fungi_phy_Incertae_sedis	Fungi_cls_Incertae_sedis	Fungi_ord_Incertae_sedis	Fungi_fam_Incertae_sedis	Fungi_gen_Incertae_sedis	NA	Fungi	Basidiomycota	Tremellomycetes	Trichosporonales	Trichosporonaceae	Apiotrichum	akiyoshidainum
Taxa_12740	Fungi	Chytridiomycota	Chytridiomycota_cls_Incertae_sedis	Chytridiomycota_ord_Incertae_sedis	Chytridiomycota_fam_Incertae_sedis	Chytridiomycota_gen_Incertae_sedis	NA	Fungi	Basidiomycota	Tremellomycetes	Trichosporonales	Trichosporonaceae	Apiotrichum	akiyoshidainum
Taxa_12742	Fungi	Ascomycota	Sordariomycetes	Coniochaetales	Coniochaetaceae	Coniochaeta	boothii	Fungi	Ascomycota	Sordariomycetes	Coniochaetales	Coniochaetaceae	Coniochaeta	NA
Taxa_12744	Fungi	Basidiomycota	Tremellomycetes	Tremellales	Cryptococcaceae	Kwoniella	mangrovensis	Fungi	Basidiomycota	Tremellomycetes	Tremellales	Cryptococcaceae	Kwoniella	ovata
Taxa_12945	Fungi	Ascomycota	Dothideomycetes	Pleosporales	NA	NA	NA	Fungi	Ascomycota	Dothideomycetes	Pleosporales	NA	NA	NA
Taxa_12946	Fungi	Ascomycota	Leotiomycetes	Thelebolales	Thelebolaceae	Cleistothelebolus	nipigonensis	Fungi	Ascomycota	Leotiomycetes	Thelebolales	Pseudeurotiaceae	Pseudeurotium	NA
Taxa_12947	Fungi	NA	NA	NA	NA	NA	NA	Fungi	Basidiomycota	NA	NA	NA	NA	NA
Taxa_12950	Fungi	Basidiomycota	Agaricomycetes	Agaricales	Psathyrellaceae	Coprinopsis	undulata	Fungi	Basidiomycota	Agaricomycetes	Agaricales	Psathyrellaceae	Coprinopsis	NA
Taxa_12957	Fungi	NA	NA	NA	NA	NA	NA	Fungi	Basidiomycota	NA	NA	NA	NA	NA
Taxa_13165	Fungi	Basidiomycota	Tremellomycetes	Trichosporonales	Trichosporonaceae	Cutaneotrichosporon	jirovecii	Fungi	Basidiomycota	Tremellomycetes	Trichosporonales	Trichosporonaceae	Cutaneotrichosporon	oleaginosum
Taxa_13166	Fungi	Ascomycota	Pezizomycotina_cls_Incertae_sedis	Pezizomycotina_ord_Incertae_sedis	Pezizomycotina_fam_Incertae_sedis	Pezizomycotina_gen_Incertae_sedis	NA	Fungi	Ascomycota	Pezizomycetes	NA	NA	NA	NA
Taxa_13168	Fungi	Ascomycota	Sordariomycetes	Hypocreales	Hypocreaceae	Trichoderma	NA	Fungi	Ascomycota	Sordariomycetes	Hypocreales	NA	NA	NA
Taxa_13169	Fungi	Ascomycota	Dothideomycetes	Pleosporales	Sporormiaceae	Sporormiella	minima	Fungi	Ascomycota	Dothideomycetes	Pleosporales	Sporormiaceae	Sporormiella	NA
Taxa_13400	Fungi	Chytridiomycota	Chytridiomycota_cls_Incertae_sedis	Chytridiomycota_ord_Incertae_sedis	Chytridiomycota_fam_Incertae_sedis	Chytridiomycota_gen_Incertae_sedis	NA	Fungi	Basidiomycota	Tremellomycetes	Trichosporonales	Trichosporonaceae	Apiotrichum	akiyoshidainum
Taxa_13402	Fungi	Ascomycota	Dothideomycetes	Pleosporales	NA	NA	NA	Fungi	Ascomycota	Dothideomycetes	Pleosporales	Dictyosporiaceae	NA	NA
Taxa_13404	Fungi	NA	NA	NA	NA	NA	NA	Fungi	Basidiomycota	Tremellomycetes	Trichosporonales	Trichosporonaceae	Apiotrichum	akiyoshidainum
Taxa_13408	Fungi	Chytridiomycota	Chytridiomycota_cls_Incertae_sedis	Chytridiomycota_ord_Incertae_sedis	Chytridiomycota_fam_Incertae_sedis	Chytridiomycota_gen_Incertae_sedis	NA	Fungi	Basidiomycota	NA	NA	NA	NA	NA
Taxa_13409	Fungi	Ascomycota	Sordariomycetes	Microascales	Microascaceae	Microascus	croci	Fungi	Basidiomycota	Tremellomycetes	Trichosporonales	Trichosporonaceae	Apiotrichum	akiyoshidainum
Taxa_13638	Fungi	NA	NA	NA	NA	NA	NA	Fungi	Basidiomycota	Tremellomycetes	Trichosporonales	Trichosporonaceae	Apiotrichum	akiyoshidainum
Taxa_13639	Fungi	Ascomycota	Saccharomycetes	Saccharomycetales	Phaffomycetaceae	Wickerhamomyces	anomalus	Fungi	Ascomycota	Saccharomycetes	Phaffomycetales	Wickerhamomycetaceae	Wickerhamomyces	NA
Taxa_13899	Fungi	NA	NA	NA	NA	NA	NA	Fungi	Basidiomycota	Tremellomycetes	Trichosporonales	Trichosporonaceae	Apiotrichum	akiyoshidainum
Taxa_13902	Fungi	Ascomycota	Pezizomycetes	Pezizales	Ascodesmidaceae	Cephaliophora	tropica	Fungi	Ascomycota	Pezizomycetes	Pezizales	Ascodesmidaceae	NA	NA
Taxa_14168	Fungi	Fungi_phy_Incertae_sedis	Fungi_cls_Incertae_sedis	Fungi_ord_Incertae_sedis	Fungi_fam_Incertae_sedis	Fungi_gen_Incertae_sedis	NA	Fungi	Basidiomycota	Tremellomycetes	Trichosporonales	Trichosporonaceae	Apiotrichum	akiyoshidainum
Taxa_14169	Fungi	Fungi_phy_Incertae_sedis	Fungi_cls_Incertae_sedis	Fungi_ord_Incertae_sedis	Fungi_fam_Incertae_sedis	Fungi_gen_Incertae_sedis	NA	Fungi	Basidiomycota	Tremellomycetes	Trichosporonales	Trichosporonaceae	Apiotrichum	akiyoshidainum
Taxa_14174	Fungi	Fungi_phy_Incertae_sedis	Fungi_cls_Incertae_sedis	Fungi_ord_Incertae_sedis	Fungi_fam_Incertae_sedis	Fungi_gen_Incertae_sedis	NA	Fungi	Basidiomycota	Tremellomycetes	Trichosporonales	Trichosporonaceae	Apiotrichum	akiyoshidainum
Taxa_14177	Fungi	Ascomycota	Sordariomycetes	Sordariales	Chaetomiaceae	NA	NA	Fungi	Ascomycota	Sordariomycetes	Sordariales	Chaetomiaceae	Chaetomium	NA
Taxa_14455	Fungi	Ascomycota	Dothideomycetes	Pleosporales	Phaeosphaeriaceae	Didymocyrtis	pini	Fungi	Ascomycota	Dothideomycetes	Pleosporales	Phaeosphaeriaceae	Parastagonospora	NA
Taxa_14456	Fungi	NA	NA	NA	NA	NA	NA	Fungi	Basidiomycota	Tremellomycetes	Trichosporonales	Trichosporonaceae	Apiotrichum	akiyoshidainum
Taxa_14458	Fungi	Ascomycota	Sordariomycetes	Sordariales	NA	NA	NA	Fungi	Ascomycota	Sordariomycetes	Sordariales	NA	NA	NA
Taxa_14459	Fungi	Fungi_phy_Incertae_sedis	Fungi_cls_Incertae_sedis	Fungi_ord_Incertae_sedis	Fungi_fam_Incertae_sedis	Fungi_gen_Incertae_sedis	NA	Fungi	Basidiomycota	NA	NA	NA	NA	NA
Taxa_14463	Fungi	Ascomycota	Dothideomycetes	Dothideomycetes_ord_Incertae_sedis	Eremomycetaceae	Arthrographis	kalrae	Fungi	Basidiomycota	Tremellomycetes	Trichosporonales	Trichosporonaceae	Apiotrichum	akiyoshidainum
Taxa_14475	Fungi	Basidiomycota	Tremellomycetes	Cystofilobasidiales	Cystofilobasidiaceae	Cystofilobasidium	macerans	Fungi	Basidiomycota	Tremellomycetes	Cystofilobasidiales	Cystofilobasidiaceae	Cystofilobasidium	macerans
Taxa_14754	Fungi	Fungi_phy_Incertae_sedis	Fungi_cls_Incertae_sedis	Fungi_ord_Incertae_sedis	Fungi_fam_Incertae_sedis	Fungi_gen_Incertae_sedis	NA	Fungi	Basidiomycota	Tremellomycetes	Trichosporonales	Trichosporonaceae	Apiotrichum	akiyoshidainum
Taxa_14761	Fungi	NA	NA	NA	NA	NA	NA	Fungi	Basidiomycota	NA	NA	NA	NA	NA
Taxa_14763	Fungi	Ascomycota	Eurotiomycetes	Eurotiales	Aspergillaceae	Aspergillus	ruber	Fungi	Ascomycota	Eurotiomycetes	Eurotiales	Aspergillaceae	Aspergillus	umbrosus
Taxa_14764	Fungi	Basidiomycota	Microbotryomycetes	Microbotryomycetes_ord_Incertae_sedis	Microbotryomycetes_fam_Incertae_sedis	Sampaiozyma	NA	Fungi	Basidiomycota	Microbotryomycetes	Microbotryomycetes_ord_incertae_sedis	Microbotryomycetes_fam_incertae_sedis	Sampaiozyma	ingeniosa
Taxa_14768	Fungi	Chytridiomycota	Chytridiomycota_cls_Incertae_sedis	Chytridiomycota_ord_Incertae_sedis	Chytridiomycota_fam_Incertae_sedis	Chytridiomycota_gen_Incertae_sedis	NA	Fungi	Basidiomycota	Pucciniomycetes	Pucciniales	Pucciniaceae	Puccinia	graminis
Taxa_15051	Fungi	NA	NA	NA	NA	NA	NA	Fungi	Basidiomycota	Tremellomycetes	Trichosporonales	Trichosporonaceae	Apiotrichum	akiyoshidainum
Taxa_15056	Fungi	Basidiomycota	Microbotryomycetes	Sporidiobolales	Sporidiobolaceae	Rhodotorula	mucilaginosa	Fungi	Basidiomycota	Microbotryomycetes	Sporidiobolales	Sporidiobolaceae	Rhodosporidiobolus	mucilaginosa
Taxa_15058	Fungi	Ascomycota	Sordariomycetes	Hypocreales	NA	NA	NA	Fungi	Ascomycota	Sordariomycetes	Hypocreales	NA	NA	NA
Taxa_15059	Fungi	Ascomycota	Pezizomycetes	Pezizales	Pezizales_fam_Incertae_sedis	Coprotus	glaucellus	Fungi	Basidiomycota	Tremellomycetes	Trichosporonales	Trichosporonaceae	Apiotrichum	akiyoshidainum
Taxa_15325	Fungi	Chytridiomycota	Chytridiomycota_cls_Incertae_sedis	Chytridiomycota_ord_Incertae_sedis	Chytridiomycota_fam_Incertae_sedis	Chytridiomycota_gen_Incertae_sedis	NA	NA	NA	NA	NA	NA	NA	NA
Taxa_15326	Fungi	Ascomycota	Saccharomycetes	Saccharomycetales	Saccharomycetales_fam_Incertae_sedis	Diutina	catenulata	Fungi	Ascomycota	Pichiomycetes	Serinales	Debaryomycetaceae	Diutina	catenulata
Taxa_15329	Fungi	Basidiomycota	Cystobasidiomycetes	Erythrobasidiales	Erythrobasidiaceae	Bannoa	NA	Fungi	Basidiomycota	Cystobasidiomycetes	Cystobasidiales	NA	NA	NA
Taxa_15338	Fungi	Fungi_phy_Incertae_sedis	Fungi_cls_Incertae_sedis	Fungi_ord_Incertae_sedis	Fungi_fam_Incertae_sedis	Fungi_gen_Incertae_sedis	NA	Fungi	Basidiomycota	Agaricomycetes	NA	NA	NA	NA
Taxa_15341	Fungi	NA	NA	NA	NA	NA	NA	Fungi	Basidiomycota	Tremellomycetes	Trichosporonales	Trichosporonaceae	Apiotrichum	akiyoshidainum
Taxa_15559	Fungi	NA	NA	NA	NA	NA	NA	Fungi	Basidiomycota	Tremellomycetes	Trichosporonales	Trichosporonaceae	Apiotrichum	akiyoshidainum
Taxa_15560	Fungi	NA	NA	NA	NA	NA	NA	Fungi	Basidiomycota	Tremellomycetes	Trichosporonales	Trichosporonaceae	Apiotrichum	akiyoshidainum
Taxa_15567	Fungi	Basidiomycota	NA	NA	NA	NA	NA	Fungi	Basidiomycota	Tremellomycetes	Tremellales	Bulleribasidiaceae	Hannaella	NA
Taxa_15569	Fungi	Ascomycota	Dothideomycetes	Dothideomycetes_ord_Incertae_sedis	Eremomycetaceae	Arthrographis	kalrae	Fungi	Basidiomycota	Tremellomycetes	Trichosporonales	Trichosporonaceae	Apiotrichum	akiyoshidainum
